,Compound,Phase,Band gap (eV),HSE-gap (eV),VBM absolute (eV),CBM absolute (eV),HSE vacuum level (eV),HSE VBM absolute (eV),HSE CBM absolute (eV)
0,N,N_1,3.88086486486,0.0,,,,,
1,N,N_2,0.0,0.0,,,,,
2,P,P_0,0.902201834862,1.7368235294099998,-5.0433315383399995,-4.132927868618,3.30433284764,-5.5677446123499985,-3.8309210829339997
3,P,P_1,1.9331746031700001,2.98188,-6.17325173158,-4.22990252524,2.3494609801400004,-6.872900980139999,-3.89102098014
4,As,As_0,0.8068333333329999,1.5525,-4.6458338583,-3.8311671916400005,2.55658398431,-5.12983398431,-3.57733398431
5,As,As_1,1.6033764705899998,2.424,-5.38470780972,-3.7719548685400004,1.84141547754,-5.902415477540001,-3.47841547754
6,As,As_2,0.0,0.0,-4.02937341902,-4.02937341902,3.3642175006099997,-4.20044005061,-4.20044005061
7,Sb,Sb_0,0.1625,0.447,-3.79032200496,-3.62132200496,3.1484220017799998,-4.028922001780001,-3.58192200178
8,Sb,Sb_1,1.25917647059,1.8413684210499999,-4.85249968119,-3.58514674001,2.41509188605,-5.262776096580001,-3.42140767552
9,Bis,Bis_0,0.0,0.0,-3.59416481558,-3.59416481558,2.8372469051099998,-3.65856813511,-3.65856813511
10,Bis,Bis_1,0.0,0.0,-3.8159142947,-3.8159142947,2.5676845515799998,-3.9096708315800006,-3.9096708315800006
11,BF,BF_0,3.13638709677,4.63355555556,-5.4078325617599985,-2.25705836822,4.099524917109999,-6.238302694890001,-1.60474713933
12,BF,BF_1,0.184363636364,1.46666666667,-6.0022785353299986,-5.8025512626100015,2.3180366597999997,-6.8113699931300005,-5.3447033264699995
13,BF,BF_2,0.0,0.0,-6.0514760889699994,-6.0514760889699994,6.08549660554,-6.535355385540002,-6.535355385540002
14,BCl,BCl_0,0.0,0.6375,-5.397139732289999,-5.397139732289999,2.49952889324,-5.83377889324,-5.1962788932400015
15,BCl,BCl_1,0.456,1.73254545455,-4.73233011429,-4.26433011429,2.9854334574199997,-5.49670618469,-3.764160730147
16,BCl,BCl_2,0.0,0.0,-1.7969790095400002,-1.7969790095400002,3.04842983296,-2.03096611296,-2.03096611296
17,BBr,BBr_0,1.49564534884,2.80333333333,-5.18440870915,-3.68011801147,1.5887663728,-5.82043303947,-3.01709970613
18,BBr,BBr_1,2.30155760369,3.4296428571399997,-6.51884976997,-4.20673456259,1.8971227951400003,-7.126444223709999,-3.6968013665699995
19,BBr,BBr_2,0.0,0.0,-3.92681073094,-3.92681073094,2.70079813511,-4.03170096511,-4.03170096511
20,BI,BI_0,0.442767857143,0.87375,-3.700654240023,-3.2501185257371,3.2116999225,-3.8760749225,-3.0023249225
21,BI,BI_1,1.77639893617,2.73672,-5.991478535490001,-4.20568066315,2.23181009903,-6.5091700990299985,-3.77245009903
22,BI,BI_2,0.280583333333,0.6920000000000001,-3.7200155407932995,-3.431848874127,3.75281008676,-3.92631008676,-3.23431008676
23,AlF,AlF_0,0.8001230769230001,1.75145454545,-3.5401592003231,-2.727913046477,3.5607008046099997,-4.1394280773370005,-2.3879735318799997
24,AlF,AlF_1,0.0,0.0,,,,,
25,AlF,AlF_2,0.0,0.0,-4.62115616997,-4.62115616997,6.1151368024199995,-4.7660274224200005,-4.7660274224200005
26,AlCl,AlCl_0,1.40154601227,2.0724,-4.92767160278,-3.5175795782400003,2.28219030665,-5.34039030665,-3.2679903066500002
27,AlCl,AlCl_1,0.6584516129029999,1.3656,-4.9907035885600015,-4.32180036276,2.08913518722,-5.4799351872200015,-4.114335187219999
28,AlCl,AlCl_2,2.34930141844,3.31305882353,-5.417544930169999,-3.0599420932903003,2.9992488820700003,-6.02127829383,-2.708219470305
29,AlBr,AlBr_0,1.8290933333300001,2.66892857143,-5.215192984730001,-3.37800631807,2.12258003007,-5.729544315780001,-3.060615744356
30,AlBr,AlBr_1,1.54490322581,2.24036842105,-5.482597444419999,-3.9277909928,1.82225029623,-6.05193450676,-3.8115660857
31,AlBr,AlBr_2,1.8890384615400002,2.73120689655,-4.98788996744,-3.090813044362,2.56389441512,-5.469997863400001,-2.7387909668440003
32,AlI,AlI_0,1.50918660287,2.2163076923099996,-4.52792966699,-3.011556461249,2.46911224768,-4.93026609383,-2.713958401526
33,AlI,AlI_1,2.2757528957499997,3.08603225806,-5.6464946349,-3.3619888434,1.9577982881799998,-6.22431441721,-3.13828215915
34,AlI,AlI_2,1.52318483412,2.22707692308,-4.5395002933300015,-3.009130625087,2.86959250638,-4.93213096792,-2.705054044842
35,GaF,GaF_0,2.7246939655199998,3.7420740740699996,-5.27413965554,-2.537751724503,2.1102605639200003,-5.945297600959999,-2.2032235268830003
36,GaF,GaF_1,1.8669724770599998,2.76576923077,,,,,
37,GaF,GaF_2,1.7139020979,2.7277894736799997,-6.494035779830001,-4.7682315840300005,2.4456347046099998,-7.166529441450001,-4.438739967769999
38,GaCl,GaCl_0,2.9600876712299997,3.97257142857,-5.522074508639999,-2.553899166177,1.72979750775,-6.16208322204,-2.1895117934640003
39,GaCl,GaCl_1,3.01990131579,3.8954117647099995,-6.82748548026,-3.7976828486800005,1.76769280653,-7.4878986888800005,-3.5924869241800006
40,GaCl,GaCl_2,2.98716164384,3.9736190476199997,-5.5301112883400005,-2.534788000664,2.0277608124400004,-6.1570703362499986,-2.18345128863
41,GaBr,GaBr_0,2.52594321767,3.432,-5.289001993179999,-2.7551155578400004,1.6364252420299998,-5.850425242030001,-2.4184252420299996
42,GaBr,GaBr_2,2.5339433962299998,3.38727777778,-5.29322039341,-2.7513336009539997,1.91420991965,-5.8043488085399995,-2.417071030761
43,GaI,GaI_0,2.19211726384,2.8747058823500002,-5.04925416575,-2.8500196380659997,2.0548367827200003,-5.4816897239,-2.606983841544
44,GaI,GaI_1,2.73847826087,3.54689189189,-5.93579803516,-3.18884151342,1.8165033499599998,-6.50744929591,-2.96055740401
45,GaI,GaI_2,2.2441242038199998,3.00516666667,-5.07207509615,-2.820826688508,2.37240303998,-5.5514863733099995,-2.546319706647
46,InF,InF_0,2.20022346369,2.69444444444,,,,,
47,InF,InF_1,0.9477966101690001,1.5737142857100002,,,,,
48,InF,InF_2,1.477453125,2.2725,-5.938933799939999,-4.450027549940001,3.47966324148,-6.37791324148,-4.10541324148
49,InCl,InCl_0,2.74497959184,3.66371794872,-5.20905244188,-2.456093258203,1.97509784442,-5.805456818780001,-2.141738870061
50,InCl,InCl_1,2.65250719424,3.43412903226,-6.5952557380900005,-3.93324134961,2.0292020767200003,-7.19926659285,-3.76513756059
51,InCl,InCl_2,2.7790086705199997,3.66371794872,-5.2127731826,-2.42575584156,2.3190863187099997,-5.802445293070001,-2.138727344351
52,InBr,InBr_0,2.37378289474,3.1767142857099997,-5.0303905897400005,-2.648824800263,1.8166491740700002,-5.513506316930001,-2.336792031213
53,InBr,InBr_1,2.7652483221499997,3.6127058823500002,-6.43601544959,-3.6615188052900005,1.9047773174,-7.067130258580001,-3.45442437622
54,InBr,InBr_2,2.4038300653599998,3.1767142857099997,-5.0253990241,-2.613738893381,2.1211347968200003,-5.509991939680001,-2.333277653963
55,InI,InI_0,2.1329934210499997,2.8585142857099997,-4.8668496263400005,-2.726862784237,2.10637844658,-5.31263558944,-2.454121303723
56,InI,InI_1,2.3165211726400003,3.17059459459,-4.918867571248001,-2.594825225968,0.652373731771,-5.432671029071,-2.262076434471
57,InI,InI_2,2.14601311475,2.8048235294099997,-4.88215749809,-2.7291312685860003,2.43283194227,-5.27874370698,-2.4739201775641
58,CO,CO_0,1.2904421052600001,3.60218181818,-7.210893001,-5.90700879048,3.5441770691000003,-8.44226797819,-4.840086160009999
59,CO,CO_1,0.578666666667,2.47866666667,,,,,
60,CO,CO_2,1.01282051282,0.0,,,,,
61,CS,CS_0,1.1334953271,2.093625,-4.87349996083,-3.7295093066272,3.80301036265,-5.47332286265,-3.37969786265
62,CS,CS_1,1.38155963303,2.57505882353,-6.979125570589999,-5.58500630453,3.3773213618799995,-7.78985077364,-5.2147919501199995
63,CS,CS_2,0.0,0.0,-3.8194215152800006,-3.8194215152800006,5.48340012473,-4.05118825473,-4.05118825473
64,CSe,CSe_0,0.873707865169,1.7291428571400003,-4.7411537309,-3.857738000561,3.2079462582700002,-5.350017686839999,-3.6208748296990003
65,CSe,CSe_1,1.53848120301,2.59626315789,-6.7610335610700005,-5.21107115505,2.88915369853,-7.5227852774800015,-4.92652211958
66,CSe,CSe_2,0.0,0.0,-3.5592476218500004,-3.5592476218500004,4.13440467191,-3.68567624191,-3.68567624191
67,CTe,CTe_0,0.5565625,1.146,-3.8168215740199996,-3.2516965740200003,3.91579256085,-4.15129256085,-3.0052925608499996
68,CTe,CTe_1,1.2862903225799998,2.10005882353,-6.38441381957,-5.08783317441,3.18784419622,-6.96437360798,-4.864314784459999
69,CTe,CTe_2,0.11092307692299999,0.57,-3.3676366485100004,-3.24879049467,5.1114205297,-3.5994205297,-3.0294205297000003
70,SiO,SiO_0,1.39525203252,2.12613333333,-5.12907278318,-3.72256871814,4.646886121630001,-5.5869527882969985,-3.46081945496
71,SiO,SiO_1,0.538382352941,1.38266666667,,,,,
72,SiO,SiO_2,1.05522580645,2.1182,-5.55473364342,-4.48828203052,6.60038245656,-6.24298245656,-4.124782456559999
73,SiS,SiS_0,1.4302674418599999,2.29456521739,-5.3453473333099994,-3.90681244959,3.06775557508,-5.9285381837800015,-3.6339729663840004
74,SiS,SiS_1,2.2112372093,3.10261538462,-6.349131336669999,-4.1276569180700005,2.3599969118,-6.992804604110002,-3.89018921949
75,SiS,SiS_2,0.856153846154,1.2775,-4.295260319004,-3.430952626696,3.9225041329800003,-4.49575413298,-3.21825413298
76,SiSe,SiSe_0,1.1840000000000002,1.9503,-5.00939980009,-3.81739980009,2.7691916622099995,-5.52084166221,-3.5705416622099997
77,SiSe,SiSe_1,2.1317788018400003,3.04285185185,-6.046676582550001,-3.9051189788699996,2.09871277178,-6.647638697710001,-3.60478684585
78,SiSe,SiSe_2,0.5140317460320001,0.9,-4.027526619412,-3.5054631273483,3.5364227275,-4.1874227275,-3.2874227275
79,SiTe,SiTe_0,0.378274509804,0.654666666667,-3.742011848054,-3.3564628284461,3.2641020136799996,-3.859935347013,-3.2052686803467
80,SiTe,SiTe_1,1.83477884615,2.5326,-5.65181365767,-3.8082559653699994,2.3395829211900003,-6.115382921189999,-3.58278292119
81,SiTe,SiTe_2,0.24521212121199998,0.32799999999999996,-3.8004356106321,-3.548011368208,3.8669440409099995,-3.7749440409099995,-3.4469440409099996
82,GeO,GeO_0,2.74427819549,3.8930000000000002,-5.48466414332,-2.730107752341,3.1275097757,-6.2650097757,-2.3720097757
83,GeO,GeO_1,2.22817582418,3.3152173913,-6.8917893065300015,-4.65143765817,2.14494778779,-7.762556483440001,-4.44733909214
84,GeO,GeO_2,0.253125,1.17125,-6.2230158092,-5.959765809199999,3.62119188939,-7.01331688939,-5.84206688939
85,GeS,GeS_0,1.70199056604,2.47261538462,-5.03160287137,-3.321621739292,2.53326202439,-5.5335697167,-3.060954332082
86,GeS,GeS_1,2.48470588235,3.3472,-6.36047418755,-3.86606242285,2.05204097931,-6.997640979310001,-3.65044097931
87,GeS,GeS_2,1.32186826347,2.00976190476,-4.6152448143199996,-3.2855082873768997,3.2128898044,-4.98027075678,-2.970508852019
88,GeSe,GeSe_0,1.16174496644,1.80821052632,-4.56164251568,-3.3921525827999996,2.3916442917,-4.9397495548600014,-3.131539028542
89,GeSe,GeSe_1,2.27540248963,3.12779310345,-5.94798479627,-3.6631798170099996,1.82663413854,-6.54353069026,-3.41573758682
90,GeSe,GeSe_2,0.940840336134,1.571625,-4.42324513214,-3.4745644598760004,2.9409994518099998,-4.76431195181,-3.1926869518100003
91,GeTe,GeTe_0,0.865210084034,1.36,-4.2662857317,-3.393865563636,2.86589011421,-4.54789011421,-3.18789011421
92,GeTe,GeTe_1,1.7775873786400003,2.48184,-5.30789231385,-3.5217175565699996,2.0200751257099996,-5.75199512571,-3.2701551257099997
93,GeTe,GeTe_2,0.767238095238,1.04354545455,-4.299515999738,-3.5250398092619997,3.34549797862,-4.50977070589,-3.466225251347
94,SnO,SnO_0,2.69476363636,3.6964375,-5.15188503263,-2.4473577599059997,3.13955347741,-5.828272227409999,-2.13183472741
95,SnO,SnO_1,1.0039848484799998,1.1592,,,,,
96,SnO,SnO_2,1.1230588235299999,0.0,,,,,
97,SnS,SnS_0,1.4674489795899999,2.2345200000000003,-4.6158406997500006,-3.140942740568,2.61957852099,-5.080338520990001,-2.8458185209900004
98,SnS,SnS_1,2.31411067194,3.14773333333,-6.3835762254400015,-4.0603548815599995,2.25129048712,-7.0476571537899995,-3.89992382045
99,SnS,SnS_2,1.3664670329700002,2.0652173913,-4.48638882268,-3.1124547567430003,3.1709979502900003,-4.908606645940001,-2.843389254638
100,SnSe,SnSe_0,0.927419354839,1.64666666667,-4.34343516396,-3.408596454281,2.4209480225499997,-4.810281355880001,-3.1636146892170003
101,SnSe,SnSe_1,2.20994715447,2.97706896552,-5.98941244215,-3.77051813321,2.04331588372,-6.59535036648,-3.6182814009599995
102,SnSe,SnSe_2,0.892375,1.477125,-4.30591178814,-3.40616178814,2.8460934456299998,-4.692155945630001,-3.2150309456299997
103,SnTe,SnTe_0,0.684918367347,1.26742857143,-4.11825112426,-3.4264143895630004,2.79730877744,-4.4775230631500005,-3.2100944917259997
104,SnTe,SnTe_1,1.9042077922099998,2.64214285714,-5.424136204990001,-3.51172062057,2.2510598585299997,-5.9681312871,-3.3259884299599998
105,SnTe,SnTe_2,0.796929824561,1.3203333333299998,-4.1734766282010005,-3.369616979079,3.20870261566,-4.48736928233,-3.1670359489932998
106,PbO,PbO_0,2.3465,3.4735161290300005,-4.64727006049,-2.29127006049,2.99758066003,-5.36483872455,-1.89132259551
107,PbO,PbO_1,1.71013333333,2.0126363636400004,,,,,
108,PbO,PbO_2,2.21375221239,3.29035714286,-4.53655478328,-2.313050358501,3.18630009684,-5.25697866827,-1.96662152541
109,PbS,PbS_0,1.6414611872100002,2.40055555556,-4.46516427172,-2.816241897295,2.42851996121,-4.97429773899,-2.573742183432
110,PbS,PbS_1,2.06177350427,2.8725,-6.357360276310001,-4.28681326777,2.44842051991,-6.96317051991,-4.09067051991
111,PbS,PbS_2,1.6894755555599998,2.40162962963,-4.50184778517,-2.8048966740544,2.8889839788300002,-4.90079879364,-2.499169164015
112,PbSe,PbSe_0,1.2803583815000001,1.95490909091,-4.49891558565,-3.2111988226470003,2.30553957059,-4.94499411604,-2.9900850251350004
113,PbSe,PbSe_1,1.8926820276499998,2.55852,-5.976504834759999,-4.07514077946,2.2433449645400003,-6.51010496454,-3.95158496454
114,PbSe,PbSe_2,1.34535164835,1.95272727273,-4.53819663169,-3.1854933349879997,2.65416577901,-4.9485294153699995,-2.995802142646
115,PbTe,PbTe_0,1.26796685083,1.8719999999999999,-4.58659939656,-3.3116656949010004,2.70796060924,-5.03196060924,-3.15996060924
116,PbTe,PbTe_1,1.62102487562,2.3468400000000003,-5.32893318825,-3.6998834370099996,2.42436331267,-5.85228331267,-3.5054433126699998
117,PbTe,PbTe_2,1.32296296296,1.8005714285699999,-4.61625828333,-3.2863323574070002,3.0764900336000003,-4.98577574789,-3.185204319314
118,BOF,BOF_0,8.698137637030001,11.0574782609,-10.32257267262,-1.6244607504800004,3.32725154677,-12.02976583248,-0.9767372610600004
119,BOCl,BOCl_0,2.48245692884,4.03607142857,-5.3125224632000005,-2.830134403499,3.2799346958899998,-6.26183124761,-2.23503814417
120,BOCl,BOCl_1,1.4122137931,2.64211764706,-4.81614973836,-3.40406754658,2.0933504382900003,-5.50968377162,-2.883017104957
121,BOBr,BOBr_0,2.9165696969700003,4.3509375,-6.3854782608599985,-3.468961644543,2.71161799952,-7.26170890861,-2.9185270904290004
122,BOBr,BOBr_1,0.0,0.0,-2.73280356291,-2.73280356291,3.9139079031099997,-2.51839188311,-2.51839188311
123,BOI,BOI_1,0.0,0.0,-3.12748851505,-3.12748851505,4.878703460590001,-3.01769137059,-3.01769137059
124,BSF,BSF_0,4.1090675990699985,5.44840540541,-7.7596921546500015,-3.650668898833,3.32612489353,-8.736151209319999,-3.2950985777405
125,BSCl,BSCl_0,2.89318226601,4.23157894737,-6.601261989849999,-3.70811456971,2.4658850561200003,-7.5119619792,-3.285808133043
126,BSCl,BSCl_1,2.66568047337,3.852625,-6.0413826769300005,-3.3757484586455,3.48675302123,-6.8486318091100005,-3.002874233351
127,BSBr,BSBr_0,1.56983111111,2.7486,-5.49203078607,-3.9222608745699996,2.39155980677,-6.364444422150002,-3.62367519139
128,BSBr,BSBr_1,1.42819354839,2.52452380952,-4.80983615732,-3.381723857857,3.2292558728900005,-5.517028600160001,-3.002483145617
129,BSI,BSI_0,0.5622289156629999,1.0743333333299998,-4.41318949389,-3.8511180653099997,2.74947510467,-4.889375104669999,-3.8345751046699994
130,BSI,BSI_1,0.0,0.0,-3.88875686268,-3.88875686268,2.95019217231,-3.73685384231,-3.73685384231
131,BSeF,BSeF_0,3.51077419355,4.67925,-6.72314051702,-3.2124166564400003,2.08718448211,-7.552639027560001,-2.8817299366549998
132,BSeCl,BSeCl_0,2.9638173302099995,4.09578947368,-6.30883210512,-3.3450470584,2.17261284276,-7.030382073529999,-2.9398436119910003
133,BSeCl,BSeCl_1,2.66221264368,3.7644375,-6.02096842596,-3.358799371519,3.1257405030400003,-6.7321041394000005,-2.974376866676
134,BSeBr,BSeBr_0,2.17438080495,3.24251612903,-5.69818226095,-3.5238427547700004,2.1117320473900003,-6.421919547389998,-3.18554454739
135,BSeBr,BSeBr_1,1.80076033058,2.78416666667,-5.26021705509,-3.459517466611,2.92328001436,-5.83208001436,-3.05648001436
136,BSeI,BSeI_0,0.677788461538,1.69425,-4.507179596309999,-3.82951292965,2.4443759365599997,-5.1869641718500015,-3.5037877012700003
137,BSeI,BSeI_1,0.315,0.912857142857,-3.934061489351,-3.619379671169,3.3014869589,-4.3592369588999995,-3.4717369589
138,BTeF,BTeF_0,2.22423140496,3.08638095238,-5.66253102783,-3.4383746492300005,2.51050929401,-6.2406002031,-3.1664183849190004
139,BTeF,BTeF_1,1.96464646465,2.85666666667,-6.20842259666,-4.243874857963,3.3853874363800003,-6.870703225849999,-4.029071646906
140,BTeCl,BTeCl_0,2.35430113636,3.2467741935500003,-5.67329143155,-3.31902797545,2.29765024815,-6.292962748150001,-3.0523377481500003
141,BTeCl,BTeCl_1,1.83456,2.63369565217,-5.60977717762,-3.775275185584,3.3807055178900005,-6.12466385122,-3.4997471845569996
142,BTeBr,BTeBr_0,2.07271604938,2.9054482758599995,-5.500702951220001,-3.42802602814,2.24212277152,-6.107722771520001,-3.20852277152
143,BTeBr,BTeBr_1,1.53508333333,2.34161904762,-5.2232368114500005,-3.6882183782699998,3.2108085587299997,-5.848990376910001,-3.5166267405480003
144,BTeI,BTeI_0,1.18562376238,2.064,-4.81572682154,-3.6301603190800007,2.50321768743,-5.4564785570000005,-3.3999568178649997
145,BTeI,BTeI_1,0.621957446809,1.40307692308,-4.225666922396,-3.603845869764,3.4374848507999998,-4.7803419936600005,-3.3906277079429
146,AlOF,AlOF_0,5.2776159292,7.518396226419999,-10.57528994902,-5.2977069101600005,2.6058896628099997,-12.32905632948,-4.81572299614
147,AlOCl,AlOCl_0,2.8146547619,4.3198484848500005,-7.0888237183200005,-4.27421837708,2.8793178435400004,-8.14111196119,-3.8285237258929996
148,AlOCl,AlOCl_1,0.968943396226,2.2236,-5.56056339758,-4.591787696643,3.8934842473400004,-6.4981092473399995,-4.29085924734
149,AlOBr,AlOBr_0,1.58037696335,2.90181818182,-5.71658052744,-4.13628886078,3.01290092323,-6.62555309714,-3.734248749317001
150,AlOBr,AlOBr_1,0.036000000000000004,0.0,-4.28817494743,-4.258174947430001,3.6156400771800006,-4.391003307180001,-4.391003307180001
151,AlOI,AlOI_1,0.0,0.0,-3.4050840614499998,-3.4050840614499998,4.30451385524,-3.4686814752399995,-3.4686814752399995
152,AlSF,AlSF_0,4.61357552581,5.95072727273,-8.808300619430002,-4.19475863469,2.17858987034,-9.84707875923,-3.90210098145
153,AlSCl,AlSCl_0,3.86699831366,5.22346153846,-7.88233148742,-4.01535505644,2.17902432131,-8.94992998169,-3.7301186609300006
154,AlSCl,AlSCl_1,3.5992828685300005,4.95547826087,-7.4582905432,-3.859036070039,3.21651456732,-8.438557120510001,-3.4874720141289997
155,AlSBr,AlSBr_0,2.90663755459,4.03151219512,-6.843855777919999,-3.93724575614,2.08712965024,-7.71865345976,-3.69160584072
156,AlSBr,AlSBr_1,2.45293714286,3.7074,-6.19394722755,-3.741049791651,3.01838974698,-7.03680641365,-3.334973080313
157,AlSI,AlSI_0,1.5830846153799998,2.59496296296,-5.55650925435,-3.9734709401699995,2.36809403528,-6.32437974957,-3.73580832099
158,AlSI,AlSI_1,0.725185185185,1.7325,-4.66801522315,-3.9429510029680004,3.25152710975,-5.34211534504,-3.620938874456
159,AlSeF,AlSeF_0,4.044395248380001,5.26061538462,-7.936272420669999,-3.89191466205,2.3774568164099996,-8.800556816410001,-3.5463568164100003
160,AlSeCl,AlSeCl_0,3.83188026981,4.9816,-7.650144180090001,-3.81828559423,1.9760561996500001,-8.470977768280001,-3.49313463102
161,AlSeCl,AlSeCl_1,3.41502474227,4.67318181818,-7.53881587575,-4.1238199909699995,2.93889069497,-8.3852240283,-3.716557361637
162,AlSeBr,AlSeBr_0,3.19550687623,4.36786666667,-6.959087520979999,-3.7636051680400002,1.9024163126299998,-7.86332935611,-3.4995032691500003
163,AlSeBr,AlSeBr_1,2.4996969697,3.75038888889,-6.497855518350001,-3.99819617769,2.7592269796099997,-7.435254006639999,-3.690199952583
164,AlSeI,AlSeI_0,2.0318128655,3.06727272727,-5.845508461260001,-3.8137300356,2.13741156135,-6.543470384880002,-3.4813527378199995
165,AlSeI,AlSeI_1,0.978966442953,1.96515789474,-5.06464839099,-4.08576839099,2.95228487745,-5.73618487745,-3.78038487745
166,AlTeF,AlTeF_0,3.043,4.0117333333300005,-6.7006461997099995,-3.65769381875,2.111161772,-7.36648435265,-3.36283919135
167,AlTeF,AlTeF_1,2.9150498442400004,3.84518518519,-7.585294861609999,-4.67030107279,3.50180045617,-8.25465759903,-4.418943313313
168,AlTeCl,AlTeCl_0,3.03464435146,3.95115,-6.8066270844100005,-3.7720091303300007,2.0012106061700004,-7.47399109397,-3.5274301183699994
169,AlTeCl,AlTeCl_1,2.81962135922,3.67251428571,-6.945722174139999,-4.12613379642,3.0152589831700003,-7.521758983169999,-3.8547589831699995
170,AlTeBr,AlTeBr_0,2.91128389831,3.8094,-6.64107678533,-3.7298188572099997,1.94813304205,-7.291620846930001,-3.4866452371700003
171,AlTeBr,AlTeBr_1,2.670285,3.53825714286,-6.58916570904,-3.91891383872,2.85101439032,-7.220986612539999,-3.6880421680980002
172,AlTeI,AlTeI_0,2.33990866511,3.24526315789,-6.0226267595100005,-3.68274358193,2.12991028604,-6.75096156809,-3.50985900399
173,AlTeI,AlTeI_1,1.88496805112,2.75626666667,-5.70809731186,-3.823167375557,2.99274113509,-6.3100959738,-3.55938629638
174,GaOF,GaOF_0,3.18906837607,5.44353846154,-10.23225402976,-7.043236984299999,1.9960890622799998,-12.059539062279999,-6.62263906228
175,GaOCl,GaOCl_0,1.65918719212,3.18276,-7.25302839113,-5.593920547990002,2.134873598,-8.32221975185,-5.14852744415
176,GaOCl,GaOCl_1,0.1936,1.5252,-6.16255069574,-5.969788790980001,2.91832543635,-7.1578708909,-5.655779981799999
177,GaOBr,GaOBr_0,0.697860465116,1.9652,-5.93972746385,-5.242049302930001,2.17620478532,-6.799579785320001,-4.84882978532
178,GaOBr,GaOBr_1,0.0,0.0,-5.0472072723400006,-5.0472072723400006,2.74818542128,-5.232695301280001,-5.232695301280001
179,GaOI,GaOI_1,0.0,0.0,-4.12772608081,-4.12772608081,3.1314104394499997,-4.31175102945,-4.31175102945
180,GaSF,GaSF_0,3.58804534606,4.953,-8.65500719052,-5.06700242862,1.9108710720900002,-9.57652896683,-4.630213177349999
181,GaSCl,GaSCl_0,3.00392008639,4.36081395349,-7.727220422489999,-4.72332818111,1.8684126367099998,-8.701117182159999,-4.34470809126
182,GaSCl,GaSCl_1,2.39123353293,3.81734285714,-7.323519298900001,-4.93232825412,2.76630719954,-8.3766127551,-4.5650016439800005
183,GaSBr,GaSBr_0,2.20761494253,3.48222857143,-6.74947732362,-4.54189852706,1.78520454741,-7.66970454741,-4.19270454741
184,GaSBr,GaSBr_1,1.41494029851,2.70972,-6.136605627230001,-4.721734340109999,2.53472281794,-7.069222817939999,-4.36722281794
185,GaSI,GaSI_0,1.15604210526,2.23260869565,-5.50103374847,-4.3450546908700005,2.02354194904,-6.23512528237,-4.0099586157100005
186,GaSI,GaSI_1,0.0,0.8601428571430001,-4.71621740107,-4.71621740107,2.7210133340200002,-5.34663833402,-4.51038833402
187,GaSeF,GaSeF_0,2.91188046647,4.14096774194,-7.675847339880001,-4.76401594454,1.72818155473,-8.49874405473,-4.365619054730001
188,GaSeCl,GaSeCl_0,2.69781622912,3.86,-7.43468309678,-4.7368973825000005,1.7302563608900001,-8.26128200192,-4.40623071986
189,GaSeCl,GaSeCl_1,2.32596978852,3.34896774194,-7.346988143760001,-5.0210604329200015,2.5904568498900002,-8.187769349889999,-4.84514434989
190,GaSeBr,GaSeBr_0,2.19051724138,3.34482352941,-6.8122082313800005,-4.62172685602,1.6639400721899997,-7.6741972150499995,-4.33468292933
191,GaSeBr,GaSeBr_1,1.46866197183,2.65788,-6.365872004749999,-4.897273873910001,2.37525991315,-7.2149137593,-4.564606067
192,GaSeI,GaSeI_0,1.2689146919399998,2.30316666667,-5.7066431176200005,-4.43778462706,1.8678736705599999,-6.46691367056,-4.17083367056
193,GaSeI,GaSeI_1,0.346058823529,1.21490909091,-5.0297803635500005,-4.68397267125,2.52183840012,-5.71350506679,-4.51417173345
194,GaTeF,GaTeF_0,2.28852363636,3.21966666667,-6.52214038022,-4.2336766121,2.0685981341799997,-7.20347813418,-3.99371813418
195,GaTeCl,GaTeCl_0,2.31152861035,3.189625,-6.68874021754,-4.377245652320002,1.8483385032099997,-7.30030820018,-4.1163688062400015
196,GaTeCl,GaTeCl_1,2.02856902357,2.6654400000000003,-6.958981357330001,-4.93045786739,2.78031138413,-7.55423446105,-4.89638830721
197,GaTeBr,GaTeBr_0,2.14723495702,3.00512903226,-6.466556478309999,-4.3193564783100005,1.7846150238599998,-7.10983377386,-4.11039627386
198,GaTeBr,GaTeBr_1,1.83323636364,2.57472,-6.45151428825,-4.61832588245,2.5813030701099997,-7.1469953778,-4.57961076242
199,GaTeI,GaTeI_0,1.64198316498,2.53131034483,-5.91580599015,-4.27385968143,1.9453320484,-6.596265381729999,-4.0703987150700005
200,GaTeI,GaTeI_1,1.04797687861,1.81926315789,-5.49973979503,-4.451831749049999,2.67956388808,-6.162863888080001,-4.35226388808
201,InOF,InOF_0,2.16814345992,3.75846153846,-8.102238572320001,-5.934171345419999,3.1613342372,-9.22859349646,-5.48007497794
202,InOCl,InOCl_0,2.50939506173,4.07329411765,-7.72685820617,-5.21751051387,3.4308977450400002,-8.856812030750001,-4.789983459329999
203,InOBr,InOBr_0,2.2902173913,3.58506666667,-7.22110892228,-4.93094225562,2.8721702149199997,-8.17158956976,-4.59375086008
204,InOBr,InOBr_1,0.0,0.0,-5.82318583314,-5.82318583314,2.88595686152,-6.33371970152,-6.33371970152
205,InOI,InOI_0,1.2458313253,2.4035,-5.87889024352,-4.63314772854,3.37894710102,-6.699994720069999,-4.306899481972
206,InOI,InOI_1,0.0,0.0,-4.75337968284,-4.75337968284,3.22027218745,-4.87590674745,-4.87590674745
207,InSCl,InSCl_0,2.27241758242,3.57938888889,-7.840025880639999,-5.567642319,1.90932638553,-8.860975034179999,-5.286677736880001
208,InSCl,InSCl_1,1.81071755725,3.20106666667,-7.631039093569998,-5.820373694330001,2.85254812081,-8.69135457242,-5.4967416691999995
209,InSBr,InSBr_0,1.7441971831,2.9376,-7.04139366411,-5.297239278149998,1.8318983592500002,-8.01273706893,-5.081059649569999
210,InSBr,InSBr_1,1.19146285714,2.3280000000000003,-6.5902101133099995,-5.398823749670001,2.61725643591,-7.475039044610001,-5.15547382721
211,InSI,InSI_0,1.05458888889,2.07490909091,-5.9491739083400015,-4.89464904646,2.03099754967,-6.73969320184,-4.6723018975
212,InSI,InSI_1,0.16575,1.1052,-5.2674591609900006,-5.102219160990001,2.73249659185,-5.942223864580001,-4.85376931912
213,InSeF,InSeF_0,2.23442962963,3.31344,-7.3698229470399985,-5.13545394334,1.89964806801,-8.154648068010001,-4.85064806801
214,InSeCl,InSeCl_0,2.15028735632,3.1758125,-7.55703226455,-5.406780115549999,1.8179487071200002,-8.3515244647,-5.18137294954
215,InSeCl,InSeCl_1,1.77056756757,2.9667857142900003,-7.63845448989,-5.8679391052700005,2.7118382571099997,-8.590321015730002,-5.63035549849
216,InSeBr,InSeBr_0,1.7970608108099997,2.9184,-7.0188243550400005,-5.22180415302,1.7302175714099997,-7.91347563593,-5.00095950689
217,InSeBr,InSeBr_1,1.27225263158,2.39565217391,-6.71223381495,-5.4400505688699985,2.48272950464,-7.594562837969999,-5.20689617131
218,InSeI,InSeI_0,1.1684554455399998,2.1445652173900003,-6.0593784194900016,-4.8909794047099995,1.9026274698099999,-6.7888358031400005,-4.65141913648
219,InSeI,InSeI_1,0.3856440677970001,1.36038461538,-5.4843208184600005,-5.098887485120001,2.55826069575,-6.22247498146,-4.87504641004
220,InTeF,InTeF_0,2.01908835341,3.01086956522,-6.3802056598600005,-4.36118165986,2.02226710227,-7.07368376894,-4.0728504356
221,InTeCl,InTeCl_0,2.03306567164,2.93013333333,-6.844000017130001,-4.81097025523,1.9028000336700002,-7.502412936900001,-4.57818713044
222,InTeCl,InTeCl_1,1.8521827957,2.50466666667,-7.359850551939999,-5.50771483766,2.85564077645,-7.995120776450001,-5.49816077645
223,InTeBr,InTeBr_0,1.88187301587,2.76113793103,-6.652346048759999,-4.770510605719999,1.8340563253599997,-7.307156325359999,-4.55195632536
224,InTeBr,InTeBr_1,1.69196525097,2.43425,-6.782656945479999,-5.09074156086,2.63737438929,-7.46925438929,-5.042494389290001
225,InTeI,InTeI_0,1.5366713286700002,2.47144827586,-6.133190047079999,-4.59655590074,1.96459525385,-6.85366192052,-4.38752858718
226,InTeI,InTeI_1,1.09666666667,1.8546,-5.79854659439,-4.701942316309999,2.67040467882,-6.528690393110001,-4.68211896453
227,GePCl,GePCl_0,2.20791176471,3.07336150235,-6.75153761334,-4.54366371304,2.0465016329,-7.36966556733,-4.2963376984699995
228,GePCl,GePCl_1,1.97224,2.8094792243799995,-6.6461956821,-4.6740072763,2.8133900100700004,-7.233108242110001,-4.42367177803
229,SiNF,SiNF_0,5.12444761905,6.717461538459999,-8.3077433418,-3.183332695416,2.61380265998,-9.44751625998,-2.7300890599799996
230,SiNF,SiNF_1,5.09082135524,6.78118353345,-9.194099077979999,-4.103320389458,3.27458630447,-10.47015822228,-3.689014386662
231,SiNCl,SiNCl_0,3.40433484163,4.81386115993,-6.60787826202,-3.203578036283,2.6560757609400003,-7.553491550409999,-2.7396599714663
232,SiNCl,SiNCl_1,2.29103370787,3.64751530612,-5.64719210049,-3.356221951233,3.91221975125,-6.5304538479400005,-2.88298565456
233,SiNBr,SiNBr_0,1.50505050505,2.70554769231,-5.0487073231699995,-3.543732448794,2.60922681647,-5.84347528273,-3.137978350212
234,SiNBr,SiNBr_1,0.293294117647,1.43392405063,-3.904818681544,-3.6119901101157,3.6794649878199994,-4.576370648197,-3.142559327443
235,SiNI,SiNI_0,0.0,0.0,-3.5589781682900004,-3.5589781682900004,3.26586714743,-3.9044280274300003,-3.9044280274300003
236,SiNI,SiNI_1,0.0,0.0,-3.4834338997500005,-3.4834338997500005,4.315680320819999,-3.3829573708200003,-3.3829573708200003
237,SiPF,SiPF_0,2.57110638298,3.43396491228,-7.08935937171,-4.51831696889,2.1750772486099996,-7.746030601379999,-4.31212389584
238,SiPF,SiPF_1,2.55543295019,3.4443271027999995,-7.50768913967,-4.9523303610500005,2.4417805600299998,-8.18841099481,-4.74415012525
239,SiPCl,SiPCl_0,2.46625945946,3.3486228070200004,-6.6437737942299995,-4.17755007455,2.2156869971,-7.290982401910001,-3.94239159229
240,SiPCl,SiPCl_1,2.37058823529,3.24390147783,-6.46259382471,-4.092050614830001,3.09974902543,-7.060680229360001,-3.8168178214990003
241,SiPBr,SiPBr_0,2.10483435583,3.0170655737700005,-6.2309212846,-4.12612617756,2.1429059611900003,-6.92992231633,-3.91288960605
242,SiPBr,SiPBr_1,1.95813818182,2.89929973475,-6.05647450584,-4.09838754932,3.03587447977,-6.735504109400001,-3.83624485014
243,SiPI,SiPI_0,0.955654320988,1.7938129496400002,-5.12290762864,-4.16732480656,2.4358593839400005,-5.74324289648,-3.9494758714
244,SiPI,SiPI_1,0.631895833333,1.43594117647,-4.82802664228,-4.1962637556810005,3.48757489727,-5.395511482640001,-3.959638311904
245,SiAsF,SiAsF_0,2.255904,3.05577850163,-6.340881190169999,-4.08504852085,2.13965503238,-6.941512175239999,-3.8857978895199996
246,SiAsF,SiAsF_1,2.23216017316,3.02011971831,-6.8375544141,-4.6054768279000005,2.59525269333,-7.45877550035,-4.43872988631
247,SiAsCl,SiAsCl_0,2.30714613181,3.08947058824,-6.139550781830001,-3.83244221041,2.01330330942,-6.71952161928,-3.6300849995599997
248,SiAsCl,SiAsCl_1,2.09233103448,2.85263085399,-5.99136963592,-3.89908784898,2.79677498133,-6.524568937370001,-3.6719810252859997
249,SiAsBr,SiAsBr_0,2.13768656716,2.93591428571,-5.94116033794,-3.803511528420001,1.9559156466900003,-6.546856264270001,-3.610975029110001
250,SiAsBr,SiAsBr_1,1.93189855072,2.70804469274,-5.72517213436,-3.7933237588999997,2.65085040624,-6.3053517989999985,-3.5973490134820003
251,SiAsI,SiAsI_0,1.40643442623,2.19260115607,-5.2563330530200005,-3.84994529792,2.2035809453299997,-5.85786336608,-3.66529852458
252,SiAsI,SiAsI_1,0.8966285714290001,1.7676498054499998,-4.9348492648,-4.0383102577,3.0449681588499997,-5.54176660846,-3.774169709238
253,SiSbF,SiSbF_0,1.44349693252,2.16331531532,-5.49419832365,-4.05080807975,2.24943945095,-6.038053800730001,-3.87482510117
254,SiSbF,SiSbF_1,1.54865853659,2.22046511628,-6.19851872716,-4.6499732726200005,3.0342505836,-6.765435768790001,-4.545065398409999
255,SiSbCl,SiSbCl_0,1.650796875,2.34018292683,-5.564539506919999,-3.9137924251999996,2.0695485954599997,-6.08661850427,-3.74647868665
256,SiSbCl,SiSbCl_1,1.4889150943399998,2.14219285714,-5.606677642359999,-4.1178278771,2.8743227775499998,-6.095892172569999,-3.95375338253
257,SiSbBr,SiSbBr_0,1.5813543307100002,2.2646424242400003,-5.4972547150499995,-3.91594883269,2.01823252343,-6.042033127660002,-3.777431919200001
258,SiSbBr,SiSbBr_1,1.40450485437,2.06660498221,-5.4084713120300005,-4.00403169851,2.7388528383099997,-5.926129434050001,-3.8595762425699998
259,SiSbI,SiSbI_0,1.3619392712600005,2.03816816817,-5.224808661580001,-3.8629135002800004,2.2231716218799997,-5.767237490139999,-3.72910575362
260,SiSbI,SiSbI_1,1.11013259669,1.79112177122,-5.06817796352,-3.958112029457,2.92891102083,-5.511447785540001,-3.720374256124
261,SiBisF,SiBisF_0,1.06532231405,1.68514942529,-4.75989439559,-3.69471406773,2.3663178067299997,-5.17783780673,-3.4927978067300005
262,SiBisF,SiBisF_1,0.824318181818,1.38217777778,-6.07253127201,-5.24841891245,2.12597110808,-6.5639858139600005,-5.1819564022
263,SiBisCl,SiBisCl_0,1.28566666667,1.9150295203,-5.02033901625,-3.73473505585,1.9008107181799998,-5.44479968877,-3.52982174759
264,SiBisCl,SiBisCl_1,0.83875,1.39095652174,-5.2789391437600015,-4.44030278012,2.7157576542400004,-5.695195492080001,-4.3043198164
265,SiBisBr,SiBisBr_0,1.25625615764,1.8765,-5.03955217555,-3.78335609711,1.86298887545,-5.48271450722,-3.6062632436800004
266,SiBisBr,SiBisBr_1,0.780339130435,1.32237362637,-5.10633991952,-4.32611578158,2.5949241543,-5.53707169528,-4.21477661332
267,SiBisI,SiBisI_0,1.20490410959,1.79500673401,-4.9351845154400005,-3.73032996998,2.0755901067400004,-5.39057332822,-3.5956068852599996
268,SiBisI,SiBisI_1,0.5470224719100001,1.09589285714,-4.783386214769998,-4.2364973258899985,2.7654926248500002,-5.22790090887,-4.13208434083
269,GeNF,GeNF_0,2.7902970297000005,4.36640375587,-8.747741378119999,-5.95750453602,2.1161096198,-9.89228760575,-5.52593163385
270,GeNF,GeNF_1,2.76388405797,4.45002985075,-9.69934712887,-6.935534854509998,2.8004372983200003,-11.03942489137,-6.58944970527
271,GeNCl,GeNCl_0,2.28368608414,3.73316086957,-7.048456298920001,-4.764817589240001,2.2688938115,-8.022956718219996,-4.2898309047800005
272,GeNCl,GeNCl_1,0.744359550562,2.11275423729,-6.26109761921,-5.51691984143,3.2048239658999997,-7.19366362835,-5.08098430345
273,GeNBr,GeNBr_0,0.942387596899,2.18080291971,-5.6267790595800005,-4.684502136499999,2.2453938689,-6.452266596169999,-4.27152114163
274,GeNBr,GeNBr_1,0.0,0.1032,-4.93563447527,-4.93563447527,3.02598728102,-5.41180546284,-5.3101690992
275,GeNI,GeNI_0,0.0,0.0,-4.22409812985,-4.22409812985,2.80527684125,-4.50191607125,-4.50191607125
276,GeNI,GeNI_1,0.0,0.0,-4.27170586206,-4.27170586206,3.56643728424,-4.22411730424,-4.22411730424
277,GePF,GePF_0,2.22417509728,3.08327044025,-7.10608964735,-4.88198112021,2.0660532318400002,-7.733658247509999,-4.65044821617
278,GePF,GePF_1,1.0557435897399998,1.67447058824,-7.3580407603,-6.302447539959999,2.41678951975,-8.01546788232,-6.34111115718
279,GePBr,GePBr_0,1.87055405405,2.76385390428,-6.31720442878,-4.4466926442600005,1.9676683251499998,-6.986577872889999,-4.22275877741
280,GePBr,GePBr_1,1.57084,2.49594578313,-6.001844611399998,-4.4310658503400004,2.62155830504,-6.685008755490001,-4.1891078545900005
281,GePI,GePI_0,0.940469135802,1.7686787003599995,-5.315973478129999,-4.37557470513,2.21772858021,-5.94504512697,-4.17641203345
282,GePI,GePI_1,0.17064,1.03571812081,-4.8173949910400005,-4.647241144880001,2.9600239429500004,-5.41783727628,-4.38221060962
283,GeAsF,GeAsF_0,1.71405527638,2.47597297297,-6.33989994488,-4.62592994488,2.46738260448,-6.916832604480001,-4.44093260448
284,GeAsF,GeAsF_1,1.53831325301,2.32026431718,-7.505398776,-5.967195183180001,2.7380458218199997,-8.15413354112,-5.8339581025200005
285,GeAsCl,GeAsCl_0,1.79179856115,2.55817270195,-6.28041481588,-4.4886621277,1.8727188801099999,-6.84578554678,-4.28765221344
286,GeAsCl,GeAsCl_1,1.37604123711,2.1452688172,-6.304934362180001,-4.92896513142,2.60559407391,-6.839201216769999,-4.69398693105
287,GeAsBr,GeAsBr_0,1.63644444444,2.38571098266,-6.04294029173,-4.406543345169999,1.8180752082799998,-6.641910943150001,-4.25623947341
288,GeAsBr,GeAsBr_1,1.14167272727,1.91579377432,-5.878320220090001,-4.73672985865,2.42453732262,-6.44590553967,-4.53016910557
289,GeAsI,GeAsI_0,1.14029,1.85650169492,-5.42290084988,-4.282667019040001,2.06728396433,-6.0195136940600005,-4.1630542346000015
290,GeAsI,GeAsI_1,0.2125,0.988448275862,-4.91246828868,-4.70034707656,2.61306220806,-5.510740290249999,-4.52238412587
291,GeSbF,GeSbF_0,1.03163934426,1.68653333333,-5.422890430720002,-4.391386365680002,2.03880287146,-5.95301834107,-4.26658740185
292,GeSbF,GeSbF_1,0.569806451613,1.1276106194700002,-6.9721781503499995,-6.402654340830001,2.74664128464,-7.569360582889999,-6.441921986390001
293,GeSbCl,GeSbCl_0,1.22449484536,1.90994117647,-5.66976566034,-4.4453348911,1.95329626323,-6.19824131818,-4.28835120828
294,GeSbCl,GeSbCl_1,1.03968,1.68982300885,-6.019012417120002,-4.97942301314,2.75234932707,-6.5167281817000005,-4.82697047244
295,GeSbBr,GeSbBr_0,1.17618848168,1.85942545455,-5.5847402297,-4.4086152297000005,1.91441851939,-6.130106925190001,-4.27073011359
296,GeSbBr,GeSbBr_1,0.9443,1.5893181818200002,-5.67972364734,-4.73551797358,2.58144499064,-6.1885716874700005,-4.5993182938100015
297,GeSbI,GeSbI_0,1.08894416244,1.73198606272,-5.3114446607799986,-4.2225557719,2.13424081411,-5.85521303633,-4.1232685918900005
298,GeSbI,GeSbI_1,0.553022222222,1.22691489362,-5.09506972165,-4.54217961175,2.71265032888,-5.633073609299999,-4.40622704846
299,GeBisF,GeBisF_0,0.710523809524,1.29435971223,-4.7421259514,-4.03179653964,1.8386269843599998,-5.14674127007,-3.85251269865
300,GeBisF,GeBisF_1,0.185684210526,0.633492063492,-6.454186175429999,-6.26938617543,2.7391855047099996,-6.9747792547100005,-6.3415917547100005
301,GeBisCl,GeBisCl_0,0.958366013072,1.55778571429,-5.157942069090001,-4.199656354809998,1.79708258199,-5.587944804209999,-4.03022035977
302,GeBisCl,GeBisCl_1,0.405517241379,0.864655172414,-5.734468037869999,-5.329179902270001,2.65490994128,-6.164174898540001,-5.2996449840199995
303,GeBisBr,GeBisBr_0,0.937091503268,1.53226637555,-5.14861815275,-4.21160516573,1.76739420911,-5.59899855694,-4.06678986128
304,GeBisBr,GeBisBr_1,0.361132075472,0.819122807018,-5.43702649258,-5.0761376037,2.4950219230900004,-5.87402192309,-5.05502192309
305,GeBisI,GeBisI_0,0.95289017341,1.52798418972,-5.02801418732,-4.0751866011199995,1.97901514441,-5.48598364835,-3.95804664047
306,GeBisI,GeBisI_1,0.16584615384600002,0.635845360825,-4.97380216701,-4.80839475961,2.61144830176,-5.41880544462,-4.7830911589
307,SnNF,SnNF_0,1.4724251497,2.66250553506,-8.666187884560001,-7.19386645598,2.1174201145900002,-9.65813702635,-6.99570320283
308,SnNF,SnNF_1,1.34595714286,2.74874524715,-9.2909585649,-7.94513586986,3.5245984065400005,-10.54093173987,-7.792265073210001
309,SnNCl,SnNCl_0,1.34162051282,2.50106666667,-7.358097931970001,-6.01654691157,2.23384017459,-8.257350748610001,-5.756329600569999
310,SnNCl,SnNCl_1,0.39728,1.62255670103,-6.944495451270001,-6.54751505911,3.18211272337,-7.917348620809999,-6.29487682593
311,SnNBr,SnNBr_0,0.768362831858,1.85976,-6.427000110609999,-5.658754496569999,2.1961260782900003,-7.2934766759,-5.4337754806800005
312,SnNBr,SnNBr_1,0.0,0.0574,-5.71130090486,-5.71130090486,3.03857723407,-6.2614105674000005,-6.2067439007399985
313,SnNI,SnNI_0,0.6184444444439999,1.58676056338,-5.402352948790001,-4.78405624549,3.23611712453,-6.10346291892,-4.51677133014
314,SnNI,SnNI_1,0.0,0.0,-4.29277305053,-4.29277305053,3.5120553171900006,-4.323704757190002,-4.323704757190002
315,SnPF,SnPF_0,2.21754887218,2.98169400631,-6.976944013110001,-4.759457121730001,2.05686455309,-7.54418216315,-4.56254694303
316,SnPF,SnPF_1,1.85887378641,2.66776119403,-8.091246468360001,-6.232459028740001,3.1279960944400003,-8.754839960610001,-6.08715222827
317,SnPCl,SnPCl_0,2.14249266862,2.9801575179000004,-6.882381009510001,-4.73992486915,2.00757269988,-7.45963460464,-4.47951079512
318,SnPCl,SnPCl_1,1.75778656126,2.56202654867,-6.9473172322900005,-5.18958494883,2.7769815107599998,-7.509472687230001,-4.94749033429
319,SnPBr,SnPBr_0,1.95920689655,2.8035766423400004,-6.5575876734000005,-4.5984189234,1.9451009609299998,-7.178872805589999,-4.3753291162700005
320,SnPBr,SnPBr_1,1.52840707965,2.38252760736,-6.410960842710001,-4.88261282509,2.58190619004,-7.033147780249998,-4.650664599830001
321,SnPI,SnPI_0,1.39998023715,2.2332369146,-5.77121133621,-4.371274328329998,2.18228864433,-6.40539029268,-4.172186995980001
322,SnPI,SnPI_1,0.573195652174,1.43819444444,-5.28093479649,-4.707870280369999,2.7571895098500003,-5.93075633013,-4.492622689569999
323,SnAsF,SnAsF_0,1.77846728972,2.45143181818,-6.296386257629999,-4.51799555995,1.8981007888199999,-6.8312819209,-4.37991965674
324,SnAsF,SnAsF_1,1.23666666667,1.91756701031,-7.66266097203,-6.42612140369,2.9357132243,-8.28444655763,-6.3669798909700015
325,SnAsCl,SnAsCl_0,1.77944366197,2.4959047619,-6.39980844954,-4.62040844954,1.8607270331499999,-6.931659994039999,-4.43579407226
326,SnAsCl,SnAsCl_1,1.24164444444,1.9098627451,-6.63507967951,-5.393510618730001,2.61531935306,-7.14972169681,-5.23991700931
327,SnAsBr,SnAsBr_0,1.66016236162,2.37449142857,-6.204731237940002,-4.544613590880001,1.8124196867,-6.76914618243,-4.394693190969999
328,SnAsBr,SnAsBr_1,1.1362899408299998,1.8294047619,-6.20638129936,-5.07016953466,2.42569782071,-6.74287173375,-4.913523907669999
329,SnAsI,SnAsI_0,1.37293975904,2.07315929204,-5.71728101248,-4.34438501248,2.0343353470900003,-6.2953971118,-4.222273582380001
330,SnAsI,SnAsI_1,0.585063157895,1.339,-5.40543880081,-4.820501300809999,2.54998461201,-6.00145290469,-4.66251631933
331,SnSbF,SnSbF_0,1.11516176471,1.68603243243,-5.3975417118,-4.2824979161800005,2.1527324293,-5.887700171240001,-4.20176468736
332,SnSbF,SnSbF_1,1.02029310345,1.60814457831,-7.203631914730001,-6.183486615590001,3.00269487492,-7.7872098449800005,-6.17917990486
333,SnSbCl,SnSbCl_0,1.28518181818,1.88767883212,-5.759276149270001,-4.474152339750001,1.93236762403,-6.259182169480001,-4.371553078580001
334,SnSbCl,SnSbCl_1,1.04430322581,1.63547321429,-6.32644966064,-5.28223171192,2.71424953432,-6.812453978760001,-5.17704508988
335,SnSbBr,SnSbBr_0,1.24895169082,1.85424460432,-5.6799920083,-4.43109777754,1.88222339018,-6.190821956490001,-4.336624823869999
336,SnSbBr,SnSbBr_1,0.997033112583,1.59505333333,-5.957388288600002,-4.96044092018,2.5342326685799996,-6.4542282437999985,-4.85923709336
337,SnSbI,SnSbI_0,1.19668468468,1.80375081967,-5.464512204019999,-4.2678754327199995,2.06646627282,-5.98132248197,-4.1776100636699995
338,SnSbI,SnSbI_1,0.809649635036,1.42365470852,-5.441760885190001,-4.6321956677900005,2.60812452975,-5.9464236368900005,-4.52282542261
339,SnBisF,SnBisF_0,0.765107526882,1.2588561151100002,-4.73675802641,-3.97182185619,1.94724037039,-5.1081046561,-3.84937608468
340,SnBisF,SnBisF_1,0.497142857143,0.929979166667,-6.843562153630001,-6.34672004837,2.9315199403900003,-7.362911692969999,-6.43312818781
341,SnBisCl,SnBisCl_0,1.02014457831,1.54454867257,-5.24538508846,-4.22531323218,1.79329429947,-5.65003879286,-4.10554980608
342,SnBisCl,SnBisCl_1,0.513157894737,0.946338461538,-6.06053828622,-5.54755127324,2.65037589384,-6.491490397660001,-5.545261390019999
343,SnBisBr,SnBisBr_0,0.998891566265,1.5221790393,-5.23418547937,-4.23536512009,1.75765282848,-5.658213698049999,-4.13609195891
344,SnBisBr,SnBisBr_1,0.489891891892,0.916892307692,-5.71941710205,-5.22969710205,2.47910494928,-6.146998079049999,-5.23021181951
345,SnBisI,SnBisI_0,1.02265263158,1.54186046512,-5.159733692840001,-4.137136834200001,1.9307685191900004,-5.5746758551,-4.03286118328
346,SnBisI,SnBisI_1,0.392545454545,0.8364848484849999,-5.26682191696,-4.87444878264,2.54144328715,-5.69763877587,-4.861247798430001
347,PbNF,PbNF_0,1.004625,1.54037579618,-7.45818223393,-6.453713207390001,2.99375281644,-8.152379398719999,-6.61212623416
348,PbNF,PbNF_1,0.47528,1.18526086957,-9.71876083472,-9.2438392661,3.0604951183,-10.676538221749999,-9.491452014850001
349,PbNCl,PbNCl_0,0.833225806452,1.56079425837,-7.694786878169999,-6.861666878169999,2.23406395923,-8.53442586399,-6.97370205447
350,PbNCl,PbNCl_1,0.0,0.473035087719,-7.234396050189999,-7.234396050189999,2.9485163371900005,-8.17539564753,-7.70263702685
351,PbNBr,PbNBr_0,0.498108108108,1.19447852761,-6.74885516561,-6.25092183227,2.34582616597,-7.580021287919999,-6.385631044019999
352,PbNBr,PbNBr_1,0.0,0.0546,-6.149754702869999,-6.149754702869999,2.77475126186,-6.80625126186,-6.7542512618599995
353,PbNI,PbNI_0,0.0,0.0,-5.71472774209,-5.71472774209,3.0772075668000003,-6.080538306799999,-6.080538306799999
354,PbNI,PbNI_1,0.0,0.0,-5.18250085455,-5.18250085455,3.15271139263,-5.42668080263,-5.42668080263
355,PbPF,PbPF_0,1.28911392405,1.8619902439,-6.46878647209,-5.179773893469999,2.01723736992,-6.93718882623,-5.07528591361
356,PbPF,PbPF_1,0.874313131313,1.42323287671,-8.32161878985,-7.44747878985,3.0957764388599998,-8.973327459270001,-7.550225418449999
357,PbPCl,PbPCl_0,1.25827586207,1.85876865672,-6.781273193360001,-5.523057507080001,2.01310280475,-7.315961540810001,-5.45724406869
358,PbPCl,PbPCl_1,0.804521367521,1.34781111111,-7.1407936799,-6.336386900239999,2.7424732902099995,-7.6708379310899995,-6.323108649329998
359,PbPBr,PbPBr_0,1.1340645161299998,1.7184782608700002,-6.482627258099999,-5.3486272581000005,1.96830532972,-7.061017928150001,-5.34259273129
360,PbPBr,PbPBr_1,0.621217391304,1.2463255814,-6.53538425751,-5.914308988689999,2.5295388874099998,-7.135660274690001,-5.88941750013
361,PbPI,PbPI_0,0.918939759036,1.4333030303,-5.86656102792,-4.947686776419999,2.22511510704,-6.4432401070399985,-5.00999010704
362,PbPI,PbPI_1,0.0,0.574046511628,-5.478357115530001,-5.478357115530001,2.64209787018,-6.111546146039999,-5.5376495943199995
363,PbAsF,PbAsF_0,0.9882,1.5131212121200002,-5.927526100070001,-4.93945998437,1.96175209779,-6.39075812189,-4.87774607369
364,PbAsF,PbAsF_1,0.756388235294,1.30925373134,-7.6681372421899985,-6.91195119567,3.1460001197000005,-8.273555675259999,-6.964444564139999
365,PbAsCl,PbAsCl_0,1.14322702703,1.6588235294100002,-6.32395654183,-5.180795251509999,1.86763026244,-6.82851310763,-5.16974741725
366,PbAsCl,PbAsCl_1,0.548375,1.00263703704,-6.913581414579999,-6.3653715380400016,2.62807710432,-7.4153418102,-6.41281239844
367,PbAsBr,PbAsBr_0,1.06402285714,1.5713162393200002,-6.130169394889999,-5.0662148494300006,1.8332637137799999,-6.6668935010100006,-5.095633926550001
368,PbAsBr,PbAsBr_1,0.471085714286,0.96022556391,-6.4079727150500005,-5.937071306589999,2.4196610989,-6.932720800389999,-5.972601397409999
369,PbAsI,PbAsI_0,0.969897727273,1.4251810344799998,-5.718835547109999,-4.74899938891,2.0440943699200003,-6.2491587476,-4.824029992240001
370,PbAsI,PbAsI_1,0.042,0.61685106383,-5.55079395066,-5.51079395066,2.49166585358,-6.15902374832,-5.54230795884
371,PbSbF,PbSbF_0,0.201086956522,0.6328260869569999,-4.95067609905,-4.75025943239,2.78539295392,-5.36517866821,-4.732607239630001
372,PbSbF,PbSbF_1,0.399652173913,0.7425641025640001,-7.723012318399999,-7.32371444606,2.8587285275300003,-8.320893084489999,-7.578563970569999
373,PbSbCl,PbSbCl_0,0.745016393443,1.2225083798899998,-5.64556720082,-4.90064850164,1.9355139236099996,-6.11223059028,-4.8897972569400014
374,PbSbCl,PbSbCl_1,0.455,0.848256410256,-6.662455133150001,-6.20764353895,2.7419877346099994,-7.1420555312200005,-6.293919937999999
375,PbSbBr,PbSbBr_0,0.7248833333329999,1.20307692308,-5.59923470785,-4.87444958389,1.89152614648,-6.08402887872,-4.88102341424
376,PbSbBr,PbSbBr_1,0.417857142857,0.818879310345,-6.2274856198099995,-5.809829369809999,2.54770921999,-6.701589561869999,-5.882828878110001
377,PbSbI,PbSbI_0,0.770704225352,1.23184466019,-5.4290635251,-4.65843415448,2.07305003679,-5.912943756600001,-4.681156316980001
378,PbSbI,PbSbI_1,0.253523809524,0.704468468468,-5.62533999216,-5.372084178200001,2.57424946107,-6.1264280325,-5.4220708896400005
379,PbBisF,PbBisF_0,0.0,0.327714285714,-4.399921068469999,-4.399921068469999,2.03612771491,-4.68673882602,-4.3595166038
380,PbBisF,PbBisF_1,0.216666666667,0.527509090909,-7.2032468757700014,-6.98724687577,3.07574369282,-7.74283297853,-7.215654407110001
381,PbBisCl,PbBisCl_0,0.517023809524,0.949467625899,-5.1644943020500005,-4.64761194911,1.7985587219099999,-5.5362444362000005,-4.58687300762
382,PbBisCl,PbBisCl_1,0.186888888889,0.488149253731,-6.43309602775,-6.24666745633,2.7075059437099998,-6.865476531950001,-6.377535355469999
383,PbBisBr,PbBisBr_0,0.52288372093,0.954069444444,-5.1829146681200005,-4.660167541680001,1.7660720710299997,-5.577561726199999,-4.62358241586
384,PbBisBr,PbBisBr_1,0.158695652174,0.460753846154,-6.031828484299999,-5.87366181764,2.51834596759,-6.459118694860001,-5.998573240320001
385,PbBisI,PbBisI_0,0.621719298246,1.05269662921,-5.12438535614,-4.50275926918,1.9368150239400002,-5.5366306664,-4.48399938148
386,PbBisI,PbBisI_1,0.06233333333330001,0.391426229508,-5.489533541290001,-5.428333541290001,2.53795641079,-5.920069314020001,-5.52884350756
