,Phase,Compound,Band gap (eV),VBM (eV),CBM (eV),HSE-gap (eV),HSE-VBM (eV),HSE-CBM (eV),Vacuum level (eV),VBM Absolute (eV),CBM Absolute (eV),HSE vacuum level (eV),HSE-VBM Absolute (eV),HSE-CBM Absolute (eV),Cation,Anion_1,Anion_2,Phase_index,Cation_negativity,Anion_1_negativity,Anion_2_negativity,Cation_mass,Anion_1_mass,Anion_2_mass,Cation_atomic_radius,Anion_1_atomic_radius,Anion_2_atomic_radius,a1 (A),a2 (A),a3 (A),alpha,beta,gamma,Cohesive energy (eV/atom)
0,BOF_0,BOF,8.698137637030001,-7.00755596107,1.6905559610699998,11.0574782609,-8.70251428571,2.3505142857099997,3.31501671155,-10.32257267262,-1.6244607504800004,3.32725154677,-12.02976583248,-0.9767372610600003,B,O,F,0,2.0,3.5,4.0,10.811,15.9994,18.9984,87.0,48.0,42.0,2.50625842855,3.89801643498,16.1689264757,89.1844483739,89.962090963,89.9847944568,-7.02327133333
1,BOCl_0,BOCl,2.48245692884,-2.0281940298500003,0.454194029851,4.03607142857,-2.98189655172,1.04489655172,3.28432843335,-5.3125224632000005,-2.8301344034989997,3.27993469589,-6.26183124761,-2.2350381441700002,B,O,Cl,0,2.0,3.5,3.0,10.811,15.9994,35.4527,87.0,48.0,79.0,2.75976022997,3.8680320834099997,20.3303174527,89.6437948007,89.97672391209998,89.98454786110001,-5.92851116667
2,BOCl_1,BOCl,1.4122137931,-2.67754109589,-1.26545890411,2.6421176470599996,-3.41633333333,-0.789666666667,2.13860864247,-4.81614973836,-3.40406754658,2.09335043829,-5.50968377162,-2.883017104957,B,O,Cl,1,2.0,3.5,3.0,10.811,15.9994,35.4527,87.0,48.0,79.0,2.7555414661,2.7555414661,25.881375488899998,89.9766383115,89.9766383115,63.263218898000005,-5.41443533333
3,BOBr_0,BOBr,2.9165696969700003,-3.67075830816,-0.754241691843,4.3509375,-4.550090909090001,-0.206909090909,2.7147199527,-6.385478260859999,-3.468961644543,2.71161799952,-7.26170890861,-2.918527090429,B,O,Br,0,2.0,3.5,2.8,10.811,15.9994,79.504,87.0,48.0,94.0,3.56259773791,3.9746480524300005,19.532726301300002,89.5650068106,89.8471184584,72.8151251961,-5.90981633333
4,BOBr_1,BOBr,0.0,1.20215806,1.20215806,0.0,1.39551602,1.39551602,3.93496162291,-2.73280356291,-2.73280356291,3.91390790311,-2.51839188311,-2.51839188311,B,O,Br,1,2.0,3.5,2.8,10.811,15.9994,79.504,87.0,48.0,94.0,3.46900680311,3.46900680311,10.7232822478,89.1483497209,89.1483497209,44.425732652,-5.274685
5,BOI_1,BOI,0.0,1.75898551,1.75898551,0.0,1.86101209,1.86101209,4.88647402505,-3.12748851505,-3.12748851505,4.87870346059,-3.0176913705899997,-3.0176913705899997,B,O,I,1,2.0,3.5,2.5,10.811,15.9994,126.90447,87.0,48.0,115.0,3.5861504259300006,3.5861504259300006,11.6197986351,87.5348430795,87.5348430795,45.3571742896,-4.75262833333
6,BSF_0,BSF,4.109067599069999,-4.45151162791,-0.342488372093,5.44840540541,-5.41002631579,0.0310263157895,3.30818052674,-7.759692154650001,-3.650668898833,3.32612489353,-8.736151209319999,-3.2950985777404997,B,S,F,0,2.0,2.5,4.0,10.811,32.066,18.9984,87.0,88.0,42.0,3.10675279107,4.54675103118,16.421343003,89.51745069799999,89.69748307360001,89.98320375709999,-5.671401
7,BSCl_0,BSCl,2.89318226601,-4.1430737100699995,-1.2499262899299999,4.23157894737,-5.04607692308,-0.819923076923,2.45818827978,-6.601261989849999,-3.7081145697099998,2.46588505612,-7.5119619792000005,-3.285808133043,B,S,Cl,0,2.0,2.5,3.0,10.811,32.066,35.4527,87.0,88.0,79.0,3.18123220194,4.66452889819,26.924414806999998,89.5727022055,89.99996355190001,89.9988728038,-4.84783383333
8,BSCl_1,BSCl,2.66568047337,-2.57381710914,0.09181710914449999,3.852625,-3.36187878788,0.483878787879,3.46756556779,-6.0413826769300005,-3.3757484586455,3.48675302123,-6.84863180911,-3.002874233351,B,S,Cl,1,2.0,2.5,3.0,10.811,32.066,35.4527,87.0,88.0,79.0,3.17671409689,3.17671409689,15.9408905296,89.97509307610001,89.97509307610001,60.0118841922,-4.78976633333
9,BSBr_0,BSBr,1.56983111111,-3.10888495575,-1.5391150442500001,2.7486,-3.9728846153800004,-1.2321153846200001,2.38314583032,-5.49203078607,-3.92226087457,2.39155980677,-6.364444422150001,-3.6236751913900003,B,S,Br,0,2.0,2.5,2.8,10.811,32.066,79.504,87.0,88.0,94.0,3.25108342394,4.665667049750001,27.8702176996,89.6065125065,89.9950659657,89.99754581450001,-4.54050833333
10,BSBr_1,BSBr,1.42819354839,-1.57955614973,-0.151443850267,2.52452380952,-2.28777272727,0.226772727273,3.23028000759,-4.8098361573199995,-3.3817238578569997,3.22925587289,-5.51702860016,-3.002483145617,B,S,Br,1,2.0,2.5,2.8,10.811,32.066,79.504,87.0,88.0,94.0,3.25261342673,3.25261342673,16.5840780545,89.99073703709999,89.99073703709999,60.022975320200004,-4.40668433333
11,BSI_0,BSI,0.5622289156629999,-1.67653571429,-1.11446428571,1.0743333333299998,-2.1399,-1.0851,2.7366537796,-4.41318949389,-3.85111806531,2.74947510467,-4.88937510467,-3.83457510467,B,S,I,0,2.0,2.5,2.5,10.811,32.066,126.90447,87.0,88.0,115.0,3.4271710403099997,4.6286330515900005,28.953949047,89.6406824658,89.98671420129999,87.6119349795,-4.19348
12,BSI_1,BSI,0.0,-0.87051379,-0.87051379,0.0,-0.78666167,-0.78666167,3.01824307268,-3.8887568626799998,-3.8887568626799998,2.95019217231,-3.73685384231,-3.73685384231,B,S,I,1,2.0,2.5,2.5,10.811,32.066,126.90447,87.0,88.0,115.0,4.48812396681,4.48812396681,16.8245787365,86.8742092002,86.8742092002,40.982167053400005,-4.11131933333
13,BSeF_0,BSeF,3.51077419355,-4.64536193029,-1.13463806971,4.67925,-5.465454545449999,-0.794545454545,2.07777858673,-6.72314051702,-3.2124166564400003,2.08718448211,-7.55263902756,-2.881729936655,B,Se,F,0,2.0,2.4,4.0,10.811,78.96,18.9984,87.0,103.0,42.0,3.31157166212,4.79379089407,23.549394473499998,89.328131543,89.9895006025,89.9952574304,-5.296538
14,BSeCl_0,BSeCl,2.9638173302099995,-4.14089252336,-1.1771074766399998,4.09578947368,-4.85776923077,-0.767230769231,2.16793958176,-6.30883210512,-3.3450470583999996,2.17261284276,-7.030382073529999,-2.939843611991,B,Se,Cl,0,2.0,2.4,3.0,10.811,78.96,35.4527,87.0,103.0,79.0,3.3617769866000002,4.956113294750001,27.780154701799997,89.5457479788,89.9986954874,89.9989786373,-4.501815
15,BSeCl_1,BSeCl,2.66221264368,-2.90758452722,-0.245415472779,3.7644375,-3.60636363636,0.151363636364,3.11338389874,-6.02096842596,-3.358799371519,3.12574050304,-6.7321041394,-2.9743768666759998,B,Se,Cl,1,2.0,2.4,3.0,10.811,78.96,35.4527,87.0,103.0,79.0,3.35303559985,3.35303559985,16.474543216,89.9717622573,89.9717622573,60.018207106700004,-4.48293433333
16,BSeBr_0,BSeBr,2.17438080495,-3.59166975309,-1.4173302469100002,3.2425161290299997,-4.3101875,-1.0738125,2.10651250786,-5.69818226095,-3.5238427547700004,2.11173204739,-6.421919547389999,-3.18554454739,B,Se,Br,0,2.0,2.4,2.8,10.811,78.96,79.504,87.0,103.0,94.0,3.41641857324,4.97657983292,28.8264427913,89.56391553620001,89.9988350124,89.9985944758,-4.21476733333
17,BSeBr_1,BSeBr,1.80076033058,-2.30834979424,-0.507650205761,2.78416666667,-2.9088,-0.1332,2.95186726085,-5.26021705509,-3.4595174666109996,2.92328001436,-5.83208001436,-3.05648001436,B,Se,Br,1,2.0,2.4,2.8,10.811,78.96,79.504,87.0,103.0,94.0,3.41104748527,3.41104748527,17.150936176600002,89.97514166229999,89.97514166229999,60.0203683249,-4.14911233333
18,BSeI_0,BSeI,0.677788461538,-2.06533333333,-1.38766666667,1.69425,-2.7425882352900004,-1.05941176471,2.44184626298,-4.507179596309999,-3.82951292965,2.44437593656,-5.186964171850001,-3.5037877012700003,B,Se,I,0,2.0,2.4,2.5,10.811,78.96,126.90447,87.0,103.0,115.0,3.54813831648,4.959794852780001,30.1028011113,89.61662509780001,89.9988011394,89.9988478602,-3.89866783333
19,BSeI_1,BSeI,0.315,-0.6108409090910001,-0.296159090909,0.9128571428569999,-1.05775,-0.17025,3.32322058026,-3.9340614893510004,-3.6193796711690003,3.3014869589,-4.3592369589,-3.4717369589000002,B,Se,I,1,2.0,2.4,2.5,10.811,78.96,126.90447,87.0,103.0,115.0,3.53486485917,3.53486485917,17.892620766300002,89.9991629576,89.9991629576,60.0540001105,-3.73750833333
20,BTeF_0,BTeF,2.22423140496,-3.1550781893,-0.9309218106999999,3.08638095238,-3.7300909090900003,-0.655909090909,2.50745283853,-5.66253102783,-3.43837464923,2.51050929401,-6.2406002031,-3.166418384919,B,Te,F,0,2.0,2.1,4.0,10.811,127.6,18.9984,87.0,123.0,42.0,3.64561210609,5.128129572780001,22.308331214099997,89.7325662929,89.92617785200001,89.9778155635,-4.92068116667
21,BTeF_1,BTeF,1.9646464646500001,-2.86977386935,-0.9052261306530001,2.85666666667,-3.4853157894699995,-0.643684210526,3.33864872731,-6.20842259666,-4.243874857963,3.38538743638,-6.870703225849999,-4.029071646906,B,Te,F,1,2.0,2.1,4.0,10.811,127.6,18.9984,87.0,123.0,42.0,3.64115519948,3.64115519948,15.1792311819,89.96226579569999,89.96226579569999,60.029055228400004,-4.91868033333
22,BTeCl_0,BTeCl,2.3543011363599997,-3.37763172805,-1.02336827195,3.2467741935500003,-3.9953125,-0.7546875,2.2956597035,-5.67329143155,-3.31902797545,2.29765024815,-6.29296274815,-3.0523377481500003,B,Te,Cl,0,2.0,2.1,3.0,10.811,127.6,35.4527,87.0,123.0,79.0,3.64505077054,5.36720202574,28.7907723046,89.5216886519,89.9969927638,89.9987234725,-4.16782083333
23,BTeCl_1,BTeCl,1.8345599999999997,-2.24725099602,-0.412749003984,2.63369565217,-2.74395833333,-0.119041666667,3.3625261816,-5.60977717762,-3.775275185584,3.38070551789,-6.12466385122,-3.499747184557,B,Te,Cl,1,2.0,2.1,3.0,10.811,127.6,35.4527,87.0,123.0,79.0,3.6339577067800004,3.6339577067800004,17.1374373989,89.96881760790001,89.96881760790001,60.023209257299996,-4.16423533333
24,BTeBr_0,BTeBr,2.07271604938,-3.2623384615400006,-1.18966153846,2.9054482758599995,-3.8656,-0.9664,2.23836448968,-5.500702951220001,-3.4280260281399997,2.24212277152,-6.107722771520001,-3.20852277152,B,Te,Br,0,2.0,2.1,2.8,10.811,127.6,79.504,87.0,123.0,94.0,3.6741424814999997,5.4110810818,29.8283486644,89.5415770261,89.99888067239999,89.9995095827,-3.9076345
25,BTeBr_1,BTeBr,1.53508333333,-2.03400921659,-0.4989907834100001,2.34161904762,-2.63818181818,-0.305818181818,3.18922759486,-5.2232368114500005,-3.68821837827,3.21080855873,-5.848990376910001,-3.5166267405480003,B,Te,Br,1,2.0,2.1,2.8,10.811,127.6,79.504,87.0,123.0,94.0,3.6658060251499998,3.6658060251499998,17.8432441599,89.96948543149999,89.96948543149999,60.0218672574,-3.88016333333
26,BTeI_0,BTeI,1.18562376238,-2.31478325123,-1.12921674877,2.064,-2.9532608695700002,-0.8967391304350001,2.50094357031,-4.81572682154,-3.63016031908,2.50321768743,-5.4564785570000005,-3.399956817865,B,Te,I,0,2.0,2.1,2.5,10.811,127.6,126.90447,87.0,123.0,115.0,3.7591098885000003,5.44361630375,31.1743042557,89.5728949993,89.99981316270001,89.999636048,-3.637685
27,BTeI_1,BTeI,0.621957446809,-0.8004105263160001,-0.178589473684,1.40307692308,-1.3428571428600002,0.04685714285709999,3.42525639608,-4.225666922396,-3.603845869764,3.4374848508,-4.7803419936600005,-3.3906277079429,B,Te,I,1,2.0,2.1,2.5,10.811,127.6,126.90447,87.0,123.0,115.0,3.74969431611,3.74969431611,18.673396046,89.9773363136,89.9773363136,60.032507232600004,-3.55996733333
28,AlOF_0,AlOF,5.2776159292000004,-7.9852915194300005,-2.70770848057,7.518396226419999,-9.72316666667,-2.20983333333,2.58999842959,-10.57528994902,-5.2977069101600005,2.60588966281,-12.32905632948,-4.81572299614,Al,O,F,0,1.5,3.5,4.0,26.5815,15.9994,18.9984,118.0,48.0,42.0,3.02446124752,4.72451848052,22.4711004797,89.5650501072,89.9409805191,89.9830665659,-6.57467166667
29,AlOCl_0,AlOCl,2.8146547619,-4.21830267062,-1.40369732938,4.3198484848500005,-5.26179411765,-0.9492058823530001,2.8705210477,-7.0888237183200005,-4.27421837708,2.87931784354,-8.14111196119,-3.828523725893,Al,O,Cl,0,1.5,3.5,3.0,26.5815,15.9994,35.4527,118.0,48.0,79.0,3.1610487917900003,4.52794573687,24.5852646988,89.7419288381,89.99295967709999,89.9984973181,-5.80062966667
30,AlOCl_1,AlOCl,0.968943396226,-1.7028878504700002,-0.734112149533,2.2236,-2.604625,-0.397375,3.85767554711,-5.56056339758,-4.591787696643,3.89348424734,-6.49810924734,-4.29085924734,Al,O,Cl,1,1.5,3.5,3.0,26.5815,15.9994,35.4527,118.0,48.0,79.0,3.12333728505,3.12333728505,15.8405121045,89.98657402180001,89.98657402180001,60.0430609409,-5.522778
31,AlOBr_0,AlOBr,1.58037696335,-2.7151458333300003,-1.13485416667,2.90181818182,-3.61265217391,-0.7213478260870001,3.00143469411,-5.71658052744,-4.13628886078,3.01290092323,-6.62555309714,-3.7342487493170005,Al,O,Br,0,1.5,3.5,2.8,26.5815,15.9994,79.504,118.0,48.0,94.0,3.2517220445499997,4.41688631819,23.6938129362,89.6306958402,89.9660366036,89.9865682811,-5.50853283333
32,AlOBr_1,AlOBr,0.036000000000000004,-0.757,-0.727,0.0,-0.77536323,-0.77536323,3.53117494743,-4.28817494743,-4.25817494743,3.61564007718,-4.39100330718,-4.39100330718,Al,O,Br,1,1.5,3.5,2.8,26.5815,15.9994,79.504,118.0,48.0,94.0,3.2199065626700003,3.2199065626700003,16.3539130383,89.958184975,89.958184975,59.577066810299996,-5.13629333333
33,AlOI_1,AlOI,0.0,0.87446761,0.87446761,0.0,0.83583238,0.83583238,4.27955167145,-3.40508406145,-3.40508406145,4.30451385524,-3.4686814752399995,-3.4686814752399995,Al,O,I,1,1.5,3.5,2.5,26.5815,15.9994,126.90447,118.0,48.0,115.0,3.3160814129,3.3160814129,15.3532761998,89.9774025929,89.9774025929,60.5123059916,-4.68782466667
34,AlSF_0,AlSF,4.61357552581,-6.63977099237,-2.02622900763,5.95072727273,-7.66848888889,-1.7235111111099997,2.16852962706,-8.80830061943,-4.19475863469,2.17858987034,-9.84707875923,-3.90210098145,Al,S,F,0,1.5,2.5,4.0,26.5815,32.066,18.9984,118.0,88.0,42.0,3.6283814841,5.12548784229,26.177000929600002,89.4619591874,89.939021799,89.9963500251,-5.23929683333
35,AlSCl_0,AlSCl,3.86699831366,-5.71348821549,-1.8465117845099996,5.22346153846,-6.7709056603799995,-1.55109433962,2.16884327193,-7.88233148742,-4.01535505644,2.17902432131,-8.94992998169,-3.73011866093,Al,S,Cl,0,1.5,2.5,3.0,26.5815,32.066,35.4527,118.0,88.0,79.0,3.68314240119,5.33441208629,30.2854831604,89.6203723132,89.99323964780001,89.99572813959999,-4.51623066667
36,AlSCl_1,AlSCl,3.5992828685300005,-4.271127236580001,-0.671872763419,4.95547826087,-5.22204255319,-0.270957446809,3.18716330662,-7.4582905432,-3.859036070039,3.21651456732,-8.43855712051,-3.487472014129,Al,S,Cl,1,1.5,2.5,3.0,26.5815,32.066,35.4527,118.0,88.0,79.0,3.65300725014,3.65300725014,18.260413255899998,89.971474684,89.971474684,60.003313418599994,-4.49584733333
37,AlSBr_0,AlSBr,2.90663755459,-4.76830501089,-1.8616949891099999,4.0315121951199995,-5.63152380952,-1.6044761904799998,2.07555076703,-6.84385577792,-3.9372457561400003,2.08712965024,-7.7186534597600005,-3.69160584072,Al,S,Br,0,1.5,2.5,2.8,26.5815,32.066,79.504,118.0,88.0,94.0,3.7278581448900003,5.3592493259500005,31.6077707098,89.6059014984,89.99767729540001,89.9971108759,-4.27225183333
38,AlSBr_1,AlSBr,2.4529371428599998,-3.20694871795,-0.754051282051,3.7074,-4.01841666667,-0.316583333333,2.9869985096,-6.19394722755,-3.7410497916509997,3.01838974698,-7.03680641365,-3.334973080313,Al,S,Br,1,1.5,2.5,2.8,26.5815,32.066,79.504,118.0,88.0,94.0,3.6967649835300005,3.6967649835300005,18.788570137,89.969286005,89.969286005,59.999529075299996,-4.23222933333
39,AlSI_0,AlSI,1.5830846153799998,-3.19801915709,-1.61498084291,2.59496296296,-3.9562857142900003,-1.3677142857100002,2.35849009726,-5.55650925435,-3.97347094017,2.36809403528,-6.32437974957,-3.7358083209900004,Al,S,I,0,1.5,2.5,2.5,26.5815,32.066,126.90447,118.0,88.0,115.0,3.84348595708,5.311760014630001,32.496052397,89.6825150796,89.99702385540002,89.9998910262,-3.99952333333
40,AlSI_1,AlSI,0.725185185185,-1.43853211009,-0.7134678899079999,1.7325,-2.0905882352900003,-0.369411764706,3.22948311306,-4.66801522315,-3.942951002968,3.25152710975,-5.34211534504,-3.620938874456,Al,S,I,1,1.5,2.5,2.5,26.5815,32.066,126.90447,118.0,88.0,115.0,3.7981913081,3.7981913081,19.2056140306,89.97229349950001,89.97229349950001,60.0051810981,-3.90151433333
41,AlSeF_0,AlSeF,4.044395248380001,-5.56967887931,-1.5253211206900001,5.2606153846199994,-6.4231,-1.1689,2.36659354136,-7.936272420669999,-3.89191466205,2.37745681641,-8.80055681641,-3.5463568164100003,Al,Se,F,0,1.5,2.4,4.0,26.5815,78.96,18.9984,118.0,103.0,42.0,3.8110600020599996,5.291849448630001,22.2803460758,89.9913802366,89.2806418266,89.99680263,-4.91462566667
42,AlSeCl_0,AlSeCl,3.83188026981,-5.68242929293,-1.8505707070700002,4.9816,-6.494921568630001,-1.5170784313699999,1.96771488716,-7.650144180090001,-3.8182855942300002,1.97605619965,-8.470977768280001,-3.4931346310199998,Al,Se,Cl,0,1.5,2.4,3.0,26.5815,78.96,35.4527,118.0,103.0,79.0,3.84950870294,5.57541906414,31.1486014227,89.6481287367,89.9958458808,89.974426277,-4.19380633333
43,AlSeCl_1,AlSeCl,3.41502474227,-4.61899794239,-1.2040020576100001,4.67318181818,-5.446333333330001,-0.777666666667,2.91981793336,-7.53881587575,-4.12381999097,2.93889069497,-8.385224028300001,-3.7165573616370002,Al,Se,Cl,1,1.5,2.4,3.0,26.5815,78.96,35.4527,118.0,103.0,79.0,3.82313775502,3.82313775502,18.8867065719,89.9692294636,89.9692294636,60.006790339300004,-4.185231
44,AlSeBr_0,AlSeBr,3.1955068762299996,-5.066241176469999,-1.87075882353,4.36786666667,-5.960913043480001,-1.59708695652,1.89284634451,-6.959087520979999,-3.76360516804,1.90241631263,-7.86332935611,-3.49950326915,Al,Se,Br,0,1.5,2.4,2.8,26.5815,78.96,79.504,118.0,103.0,94.0,3.8801196865400005,5.62659722747,32.3917209997,89.57763074190001,89.99769114940001,89.9997417295,-3.95600033333
45,AlSeBr_1,AlSeBr,2.4996969697,-3.7608296703300006,-1.26117032967,3.75038888889,-4.67602702703,-0.930972972973,2.73702584802,-6.497855518350001,-3.99819617769,2.75922697961,-7.43525400664,-3.6901999525830003,Al,Se,Br,1,1.5,2.4,2.8,26.5815,78.96,79.504,118.0,103.0,94.0,3.85334463421,3.85334463421,19.4858866208,89.970366266,89.970366266,60.0071204735,-3.93865033333
46,AlSeI_0,AlSeI,2.0318128655,-3.6968892128300004,-1.6651107871700002,3.0672727272699998,-4.4060588235300004,-1.3439411764700002,2.14861924843,-5.845508461260001,-3.8137300356000003,2.13741156135,-6.543470384880001,-3.48135273782,Al,Se,I,0,1.5,2.4,2.5,26.5815,78.96,126.90447,118.0,103.0,115.0,3.9744678773900004,5.61636726888,33.5705292513,89.6340645927,89.9985465831,89.9952038373,-3.69592166667
47,AlSeI_1,AlSeI,0.9789664429530001,-2.12544,-1.14656,1.9651578947400001,-2.7839,-0.8281,2.93920839099,-5.06464839099,-4.08576839099,2.95228487745,-5.73618487745,-3.78038487745,Al,Se,I,1,1.5,2.4,2.5,26.5815,78.96,126.90447,118.0,103.0,115.0,3.9372413840499996,3.9372413840499996,20.069496769,89.9711272543,89.9711272543,60.0071583883,-3.644632
48,AlTeF_0,AlTeF,3.043,-4.5934761904800006,-1.5505238095200002,4.0117333333300005,-5.25532258065,-1.25167741935,2.10717000923,-6.70064619971,-3.6576938187500003,2.111161772,-7.36648435265,-3.36283919135,Al,Te,F,0,1.5,2.1,4.0,26.5815,127.6,18.9984,118.0,123.0,42.0,4.12462858648,5.570316866950001,27.2649169058,89.6647937793,89.916420852,89.9818997329,-4.55669866667
49,AlTeF_1,AlTeF,2.9150498442400004,-4.12199689441,-1.20700310559,3.84518518519,-4.75285714286,-0.917142857143,3.4632979672,-7.5852948616099996,-4.67030107279,3.50180045617,-8.25465759903,-4.418943313313,Al,Te,F,1,1.5,2.1,4.0,26.5815,127.6,18.9984,118.0,123.0,42.0,4.11764408358,4.11764408358,15.6199432717,89.9374847835,89.9374847835,60.0029605954,-4.52049433333
50,AlTeCl_0,AlTeCl,3.03464435146,-4.81130897704,-1.7766910229599997,3.95115,-5.4727804878,-1.5262195122,1.99531810737,-6.8066270844100005,-3.77200913033,2.00121060617,-7.47399109397,-3.52743011837,Al,Te,Cl,0,1.5,2.1,3.0,26.5815,127.6,35.4527,118.0,123.0,79.0,4.15778021458,5.967390046519999,32.3722058042,89.55778168020001,89.9972895988,89.9851307042,-3.84000166667
51,AlTeCl_1,AlTeCl,2.81962135922,-3.95079418886,-1.1312058111399999,3.6725142857099997,-4.5065,-0.8395,2.99492798528,-6.94572217414,-4.1261337964199996,3.01525898317,-7.52175898317,-3.85475898317,Al,Te,Cl,1,1.5,2.1,3.0,26.5815,127.6,35.4527,118.0,123.0,79.0,4.142253795019999,4.142253795019999,19.6039242749,89.9676856825,89.9676856825,60.016733593299996,-3.82931066667
52,AlTeBr_0,AlTeBr,2.91128389831,-4.69612896406,-1.7848710359400002,3.8094,-5.3434878048800005,-1.53851219512,1.94494782127,-6.64107678533,-3.72981885721,1.94813304205,-7.291620846930001,-3.4866452371700003,Al,Te,Br,0,1.5,2.1,2.8,26.5815,127.6,79.504,118.0,123.0,94.0,4.174740710969999,6.03423077768,33.4285749573,89.5423674117,89.9981082593,89.9950775442,-3.609901
53,AlTeBr_1,AlTeBr,2.670285,-3.7626259351599995,-1.09237406484,3.53825714286,-4.3699722222199995,-0.837027777778,2.82653977388,-6.5891657090399995,-3.91891383872,2.85101439032,-7.220986612539999,-3.688042168098,Al,Te,Br,1,1.5,2.1,2.8,26.5815,127.6,79.504,118.0,123.0,94.0,4.1548487854400005,4.1548487854400005,20.2798292602,89.96998125280001,89.96998125280001,60.016664911999996,-3.599461
54,AlTeI_0,AlTeI,2.33990866511,-3.8994415887900002,-1.5595584112099998,3.24526315789,-4.62105128205,-1.3799487179499998,2.12318517072,-6.0226267595100005,-3.6827435819299996,2.12991028604,-6.75096156809,-3.50985900399,Al,Te,I,0,1.5,2.1,2.5,26.5815,127.6,126.90447,118.0,123.0,115.0,4.22493226071,6.10490966074,34.6968429867,89.5876301336,89.9984405008,89.99869465360001,-3.36564366667
55,AlTeI_1,AlTeI,1.8849680511200002,-2.68496496815,-0.800035031847,2.7562666666699998,-3.31735483871,-0.56664516129,3.02313234371,-5.70809731186,-3.823167375557,2.99274113509,-6.3100959738,-3.55938629638,Al,Te,I,1,1.5,2.1,2.5,26.5815,127.6,126.90447,118.0,123.0,115.0,4.20047048833,4.20047048833,21.0082907879,89.9689835132,89.9689835132,60.0145227162,-3.345439
56,GaOF_0,GaOF,3.18906837607,-8.26200852273,-5.0729914772699995,5.44353846154,-10.06345,-4.62655,1.97024550703,-10.23225402976,-7.0432369843,1.99608906228,-12.059539062279999,-6.62263906228,Ga,O,F,0,1.6,3.5,4.0,69.723,15.9994,18.9984,138.0,48.0,42.0,3.19072692713,4.74269794685,23.8900931775,88.917948686,89.9357568028,89.98601686639999,-5.26932166667
57,GaOCl_0,GaOCl,1.65918719212,-5.128053921569999,-3.4689460784300006,3.18276,-6.18734615385,-3.01365384615,2.12497446956,-7.25302839113,-5.593920547990001,2.134873598,-8.32221975185,-5.14852744415,Ga,O,Cl,0,1.6,3.5,3.0,69.723,15.9994,35.4527,138.0,48.0,79.0,3.28942032946,4.61252565228,26.9106053998,89.6794959308,89.99040843819999,89.9983660082,-4.7304755
58,GaOCl_1,GaOCl,0.1936,-3.28338095238,-3.09061904762,1.5252,-4.23954545455,-2.7374545454500003,2.87916974336,-6.16255069574,-5.96978879098,2.91832543635,-7.1578708909,-5.6557799818,Ga,O,Cl,1,1.6,3.5,3.0,69.723,15.9994,35.4527,138.0,48.0,79.0,3.24462454934,3.24462454934,16.962002687000002,89.972760521,89.972760521,60.0157410673,-4.54027766667
59,GaOBr_0,GaOBr,0.697860465116,-3.77283908046,-3.07516091954,1.9652,-4.623375,-2.672625,2.16688838339,-5.93972746385,-5.24204930293,2.17620478532,-6.799579785320001,-4.8488297853199995,Ga,O,Br,0,1.6,3.5,2.8,69.723,15.9994,79.504,138.0,48.0,94.0,3.36964968074,4.5511893494199995,26.0583143911,89.73806953969999,89.98509449069999,89.9864040391,-4.51221883333
60,GaOBr_1,GaOBr,0.0,-2.42165518,-2.42165518,0.0,-2.48450988,-2.48450988,2.62555209234,-5.04720727234,-5.04720727234,2.74818542128,-5.23269530128,-5.23269530128,Ga,O,Br,1,1.6,3.5,2.8,69.723,15.9994,79.504,138.0,48.0,94.0,3.3150899198,3.3150899198,17.3402884785,89.9869393907,89.9869393907,59.826142791,-4.26701533333
61,GaOI_1,GaOI,0.0,-1.03090538,-1.03090538,0.0,-1.18034059,-1.18034059,3.09682070081,-4.12772608081,-4.12772608081,3.13141043945,-4.31175102945,-4.31175102945,Ga,O,I,1,1.6,3.5,2.5,69.723,15.9994,126.90447,138.0,48.0,115.0,3.4161001634500003,3.4161001634500003,17.7127443654,89.92080212219999,89.92080212219999,59.992623150600004,-3.96043866667
62,GaSF_0,GaSF,3.58804534606,-6.75950238095,-3.1714976190499997,4.953,-7.66565789474,-2.7193421052599995,1.89550480957,-8.65500719052,-5.0670024286199995,1.91087107209,-9.57652896683,-4.630213177349999,Ga,S,F,0,1.6,2.5,4.0,69.723,32.066,18.9984,138.0,88.0,42.0,3.66774659916,5.17555933908,25.8469360317,89.82205695260001,89.9904383299,89.9943187843,-4.39461833333
63,GaSCl_0,GaSCl,3.00392008639,-5.86944612069,-2.86555387931,4.36081395349,-6.8327045454499995,-2.47629545455,1.8577743018,-7.72722042249,-4.72332818111,1.86841263671,-8.701117182159999,-4.34470809126,Ga,S,Cl,0,1.6,2.5,3.0,69.723,32.066,35.4527,138.0,88.0,79.0,3.7214960534199997,5.3907352491600005,31.235537510900002,89.55226595629999,89.994960406,89.9936484982,-3.8463955
64,GaSCl_1,GaSCl,2.39123353293,-4.58709552239,-2.1959044776099996,3.81734285714,-5.61030555556,-1.7986944444400002,2.73642377651,-7.323519298900001,-4.93232825412,2.76630719954,-8.3766127551,-4.5650016439800005,Ga,S,Cl,1,1.6,2.5,3.0,69.723,32.066,35.4527,138.0,88.0,79.0,3.69695544367,3.69695544367,18.934061108399998,89.9679517695,89.9679517695,60.0053209455,-3.82865833333
65,GaSBr_0,GaSBr,2.20761494253,-4.97528939828,-2.7677106017199997,3.48222857143,-5.8845,-2.4075,1.77418792534,-6.74947732362,-4.54189852706,1.78520454741,-7.66970454741,-4.19270454741,Ga,S,Br,0,1.6,2.5,2.8,69.723,32.066,79.504,138.0,88.0,94.0,3.7641081195699995,5.395795240669999,32.531724190700004,89.60417440799999,89.99942371790002,89.99811250489999,-3.65143566667
66,GaSBr_1,GaSBr,1.4149402985100001,-3.62793564356,-2.2130643564400003,2.70972,-4.5345,-1.8325,2.50866998367,-6.13660562723,-4.72173434011,2.53472281794,-7.06922281794,-4.36722281794,Ga,S,Br,1,1.6,2.5,2.8,69.723,32.066,79.504,138.0,88.0,94.0,3.7353374802999997,3.7353374802999997,19.4846571002,89.9655717383,89.9655717383,60.0014419918,-3.62066933333
67,GaSI_0,GaSI,1.15604210526,-3.4849895288,-2.3290104712,2.23260869565,-4.21158333333,-1.98641666667,2.01604421967,-5.50103374847,-4.3450546908700005,2.02354194904,-6.23512528237,-4.0099586157100005,Ga,S,I,0,1.6,2.5,2.5,69.723,32.066,126.90447,138.0,88.0,115.0,3.8740935441500004,5.33715051498,33.845312594,89.67988748100001,89.999905217,89.99793503389999,-3.42907583333
68,GaSI_1,GaSI,0.0,-2.01264613,-2.01264613,0.8601428571430001,-2.625625,-1.789375,2.70357127107,-4.71621740107,-4.71621740107,2.72101333402,-5.34663833402,-4.51038833402,Ga,S,I,1,1.6,2.5,2.5,69.723,32.066,126.90447,138.0,88.0,115.0,3.8332585074199996,3.8332585074199996,20.0283136752,89.96889912559999,89.96889912559999,59.9929763096,-3.34962933333
69,GaSeF_0,GaSeF,2.91188046647,-5.95941569767,-3.0475843023299998,4.14096774194,-6.7705625,-2.6374375,1.71643164221,-7.67584733988,-4.76401594454,1.72818155473,-8.49874405473,-4.36561905473,Ga,Se,F,0,1.6,2.4,4.0,69.723,78.96,18.9984,138.0,103.0,42.0,3.83871140988,5.27969193069,26.3978059386,89.70451458149999,89.9703483435,89.98790877129998,-4.1646295
70,GaSeCl_0,GaSeCl,2.69781622912,-5.71339285714,-3.01560714286,3.86,-6.53102564103,-2.67597435897,1.72129023964,-7.43468309678,-4.7368973825000005,1.73025636089,-8.26128200192,-4.40623071986,Ga,Se,Cl,0,1.6,2.4,3.0,69.723,78.96,35.4527,138.0,103.0,79.0,3.87417245609,5.6093733190499995,31.7201750338,89.5446625316,89.9974335675,89.99354246780001,-3.61006733333
71,GaSeCl_1,GaSeCl,2.32596978852,-4.77696385542,-2.45103614458,3.34896774194,-5.5973125,-2.2546875,2.57002428834,-7.34698814376,-5.021060432920001,2.59045684989,-8.18776934989,-4.84514434989,Ga,Se,Cl,1,1.6,2.4,3.0,69.723,78.96,35.4527,138.0,103.0,79.0,3.86041615319,3.86041615319,19.476006362899998,89.9642154536,89.9642154536,60.013009814499995,-3.59102333333
72,GaSeBr_0,GaSeBr,2.19051724138,-5.15724068768,-2.96675931232,3.3448235294099997,-6.0102571428600005,-2.67074285714,1.6549675437,-6.81220823138,-4.6217268560199996,1.66394007219,-7.67419721505,-4.33468292933,Ga,Se,Br,0,1.6,2.4,2.8,69.723,78.96,79.504,138.0,103.0,94.0,3.90973486665,5.65604432004,32.8711871386,89.5861977776,89.9993616549,89.99861171129999,-3.418349
73,GaSeBr_1,GaSeBr,1.46866197183,-4.0077990654199995,-2.53920093458,2.65788,-4.83965384615,-2.18934615385,2.35807293933,-6.365872004749999,-4.897273873910001,2.37525991315,-7.2149137593,-4.564606067,Ga,Se,Br,1,1.6,2.4,2.8,69.723,78.96,79.504,138.0,103.0,94.0,3.8880336892900003,3.8880336892900003,20.0790814347,89.96195416020001,89.96195416020001,60.008124340500004,-3.396794
74,GaSeI_0,GaSeI,1.2689146919399998,-3.8439292452800005,-2.57507075472,2.30316666667,-4.5990400000000005,-2.3029599999999997,1.86271387234,-5.7066431176200005,-4.43778462706,1.86787367056,-6.46691367056,-4.1708336705599995,Ga,Se,I,0,1.6,2.4,2.5,69.723,78.96,126.90447,138.0,103.0,115.0,3.9977886152999997,5.6496767094900004,34.4417921967,89.6072038958,89.9958346275,89.99703510799999,-3.20478466667
75,GaSeI_1,GaSeI,0.34605882352899997,-2.5124038461500002,-2.16659615385,1.21490909091,-3.1916666666699998,-1.99233333333,2.5173765174,-5.02978036355,-4.68397267125,2.52183840012,-5.71350506679,-4.5141717334500004,Ga,Se,I,1,1.6,2.4,2.5,69.723,78.96,126.90447,138.0,103.0,115.0,3.96596541739,3.96596541739,20.749047851900002,89.9674804924,89.9674804924,60.0126975789,-3.1571537
76,GaTeF_0,GaTeF,2.28852363636,-4.45723188406,-2.1687681159400003,3.21966666667,-5.13488,-1.9251200000000002,2.06490849616,-6.52214038022,-4.2336766121,2.06859813418,-7.20347813418,-3.9937181341800003,Ga,Te,F,0,1.6,2.1,4.0,69.723,127.6,18.9984,138.0,123.0,42.0,4.15528540854,5.471086188509999,24.796151609899997,89.62735666459999,89.85766407620001,89.9940240167,-3.90931666667
77,GaTeCl_0,GaTeCl,2.31152861035,-4.846247282609999,-2.5347527173900004,3.189625,-5.45196969697,-2.26803030303,1.84249293493,-6.6887402175399995,-4.377245652320001,1.84833850321,-7.30030820018,-4.116368806240001,Ga,Te,Cl,0,1.6,2.1,3.0,69.723,127.6,35.4527,138.0,123.0,79.0,4.17027842841,5.937801380240001,32.136942637800004,89.53946193520001,89.9926831934,89.99867767629999,-3.348774
78,GaTeCl_1,GaTeCl,2.02856902357,-4.2037617449699995,-2.17523825503,2.6654400000000003,-4.77392307692,-2.11607692308,2.75521961236,-6.95898135733,-4.93045786739,2.78031138413,-7.55423446105,-4.89638830721,Ga,Te,Cl,1,1.6,2.1,3.0,69.723,127.6,35.4527,138.0,123.0,79.0,4.166849190580001,4.166849190580001,20.1010660703,89.958631645,89.958631645,60.0267321484,-3.31465806667
79,GaTeBr_0,GaTeBr,2.1472349570200002,-4.6881,-2.5409,3.00512903226,-5.32521875,-2.32578125,1.77845647831,-6.46655647831,-4.3193564783100005,1.78461502386,-7.10983377386,-4.11039627386,Ga,Te,Br,0,1.6,2.1,2.8,69.723,127.6,79.504,138.0,123.0,94.0,4.18315206814,6.0285448454,33.393761132899996,89.51900317440001,89.99436746120001,89.9984874557,-3.161149
80,GaTeBr_1,GaTeBr,1.8332363636400002,-3.8925942029000002,-2.0594057971,2.57472,-4.56569230769,-1.9983076923099998,2.55892008535,-6.45151428825,-4.61832588245,2.58130307011,-7.1469953778,-4.57961076242,Ga,Te,Br,1,1.6,2.1,2.8,69.723,127.6,79.504,138.0,123.0,94.0,4.17431488149,4.17431488149,20.760177401700002,89.9608278986,89.9608278986,60.0272898586,-3.13360653333
81,GaTeI_0,GaTeI,1.6419831649799999,-3.96447315436,-2.32252684564,2.5313103448299996,-4.65093333333,-2.12506666667,1.95133283579,-5.91580599015,-4.27385968143,1.9453320484,-6.59626538173,-4.0703987150700005,Ga,Te,I,0,1.6,2.1,2.5,69.723,127.6,126.90447,138.0,123.0,115.0,4.2356991098900005,6.10561629543,35.0369150492,89.5685998723,89.99906982030001,89.9976942014,-2.95829133333
82,GaTeI_1,GaTeI,1.04797687861,-2.80495402299,-1.7570459770099998,1.81926315789,-3.4833,-1.6727,2.69478577204,-5.49973979503,-4.451831749049999,2.67956388808,-6.16286388808,-4.35226388808,Ga,Te,I,1,1.6,2.1,2.5,69.723,127.6,126.90447,138.0,123.0,115.0,4.21326194579,4.21326194579,21.5559989728,89.96285419459998,89.96285419459998,60.0250431229,-2.92818843333
83,InOF_0,InOF,2.16814345992,-4.9420336134500005,-2.7739663865499997,3.7584615384599998,-6.06725925926,-2.31874074074,3.16020495887,-8.102238572320001,-5.934171345419999,3.1613342372,-9.22859349646,-5.48007497794,In,O,F,0,1.7,3.5,4.0,114.818,15.9994,18.9984,156.0,48.0,42.0,4.1737896586000005,3.3915708601300003,17.9555766083,89.5160191167,89.9999810867,89.9908600272,-5.08217116667
84,InOCl_0,InOCl,2.50939506173,-4.29767384615,-1.78832615385,4.07329411765,-5.42591428571,-1.35908571429,3.42918436002,-7.72685820617,-5.21751051387,3.43089774504,-8.85681203075,-4.789983459329999,In,O,Cl,0,1.7,3.5,3.0,114.818,15.9994,35.4527,156.0,48.0,79.0,4.17250171395,3.5981882338199997,20.3247804849,89.8535326994,89.8305092234,89.9914157356,-4.52684183333
85,InOBr_0,InOBr,2.2902173913,-4.35058333333,-2.06041666667,3.58506666667,-5.29941935484,-1.7215806451599998,2.87052558895,-7.221108922280001,-4.93094225562,2.87217021492,-8.17158956976,-4.59375086008,In,O,Br,0,1.7,3.5,2.8,114.818,15.9994,79.504,156.0,48.0,94.0,4.14756261667,3.6847432073000004,24.264390035,89.72228494229999,89.9850980052,89.99098560610001,-4.33813616667
86,InOBr_1,InOBr,0.0,-3.04386025,-3.04386025,0.0,-3.44776284,-3.44776284,2.77932558314,-5.82318583314,-5.82318583314,2.88595686152,-6.33371970152,-6.33371970152,In,O,Br,1,1.7,3.5,2.8,114.818,15.9994,79.504,156.0,48.0,94.0,3.59663862244,3.59663862244,18.3463943719,89.9952196407,89.9952196407,59.8483143075,-3.99720733333
87,InOI_0,InOI,1.2458313253,-2.49837125749,-1.25262874251,2.4035,-3.32104761905,-0.927952380952,3.38051898603,-5.87889024352,-4.63314772854,3.37894710102,-6.69999472007,-4.306899481972,In,O,I,0,1.7,3.5,2.5,114.818,15.9994,126.90447,156.0,48.0,115.0,4.12987111133,3.8606651942699997,24.583406768099998,89.81269785049999,89.95499404889999,89.9964728166,-4.10475816667
88,InOI_1,InOI,0.0,-1.61537475,-1.61537475,0.0,-1.65563456,-1.65563456,3.13800493284,-4.75337968284,-4.75337968284,3.22027218745,-4.87590674745,-4.87590674745,In,O,I,1,1.7,3.5,2.5,114.818,15.9994,126.90447,156.0,48.0,115.0,3.66010002682,3.66010002682,18.3738103042,89.9807590283,89.9807590283,60.236393176199996,-3.78694166667
89,InSCl_0,InSCl,2.27241758242,-5.94519178082,-3.6728082191800002,3.57938888889,-6.95164864865,-3.3773513513499998,1.89483409982,-7.84002588064,-5.567642319,1.90932638553,-8.86097503418,-5.28667773688,In,S,Cl,0,1.7,2.5,3.0,114.818,32.066,35.4527,156.0,88.0,79.0,4.01793827621,5.7331478440999994,32.764809403499996,89.5382023125,89.9963533818,89.9891566524,-3.58872533333
90,InSCl_1,InSCl,1.8107175572499998,-4.81883269962,-3.00816730038,3.20106666667,-5.83880645161,-2.64419354839,2.81220639395,-7.631039093569999,-5.82037369433,2.85254812081,-8.69135457242,-5.4967416692,In,S,Cl,1,1.7,2.5,3.0,114.818,32.066,35.4527,156.0,88.0,79.0,3.9908908129400005,3.9908908129400005,20.2935722273,89.96234954379999,89.96234954379999,59.9969410357,-3.57023566667
91,InSBr_0,InSBr,1.7441971831,-5.22407719298,-3.4799228070199995,2.9376,-6.180838709680001,-3.24916129032,1.81731647113,-7.04139366411,-5.297239278149999,1.83189835925,-8.01273706893,-5.08105964957,In,S,Br,0,1.7,2.5,2.8,114.818,32.066,79.504,156.0,88.0,94.0,4.04915589669,5.71876955941,34.1661220461,89.6186196723,89.9968748887,89.99246201129999,-3.42627633333
92,InSBr_1,InSBr,1.19146285714,-4.00669318182,-2.8153068181800003,2.3280000000000003,-4.8577826087,-2.5382173913,2.58351693149,-6.59021011331,-5.398823749670001,2.61725643591,-7.47503904461,-5.15547382721,In,S,Br,1,1.7,2.5,2.8,114.818,32.066,79.504,156.0,88.0,94.0,4.00666393551,4.00666393551,20.7710072103,89.964056307,89.964056307,59.99785704600001,-3.40822666667
93,InSI_0,InSI,1.05458888889,-3.9287624309400004,-2.8742375690599995,2.07490909091,-4.708695652169999,-2.64130434783,2.0204114774,-5.949173908340001,-4.89464904646,2.03099754967,-6.73969320184,-4.6723018975,In,S,I,0,1.7,2.5,2.5,114.818,32.066,126.90447,156.0,88.0,115.0,4.13361742953,5.62386695556,35.497882638200004,89.6980325416,89.9992748753,89.9989419525,-3.24575166667
94,InSI_1,InSI,0.16575,-2.55412,-2.38888,1.1052,-3.20972727273,-2.12127272727,2.71333916099,-5.2674591609900006,-5.10221916099,2.73249659185,-5.94222386458,-4.8537693191199995,In,S,I,1,1.7,2.5,2.5,114.818,32.066,126.90447,156.0,88.0,115.0,4.07387474075,4.07387474075,21.1363847067,89.9681239675,89.9681239675,60.0057199297,-3.20604646667
95,InSeF_0,InSeF,2.23442962963,-5.48118450185,-3.24681549815,3.31344,-6.255,-2.951,1.88863844519,-7.369822947039999,-5.13545394334,1.89964806801,-8.15464806801,-4.85064806801,In,Se,F,0,1.7,2.4,4.0,114.818,78.96,18.9984,156.0,103.0,42.0,4.10627097078,5.64016612084,25.514798218000003,89.5611286915,89.99326370450001,89.9996454798,-3.89015316667
96,InSeCl_0,InSeCl,2.15028735632,-5.7521260745000005,-3.6018739255,3.1758125,-6.53357575758,-3.36342424242,1.80490619005,-7.557032264550001,-5.40678011555,1.81794870712,-8.3515244647,-5.18137294954,In,Se,Cl,0,1.7,2.4,3.0,114.818,78.96,35.4527,156.0,103.0,79.0,4.15263419685,5.95173756867,32.4192975614,89.5203960965,89.9987018701,89.99937946860001,-3.39791733333
97,InSeCl_1,InSeCl,1.77056756757,-4.95775769231,-3.18724230769,2.9667857142900003,-5.87848275862,-2.91851724138,2.68069679758,-7.63845448989,-5.8679391052700005,2.71183825711,-8.59032101573,-5.63035549849,In,Se,Cl,1,1.7,2.4,3.0,114.818,78.96,35.4527,156.0,103.0,79.0,4.13732446828,4.13732446828,20.8736596008,89.96386915379999,89.96386915379999,60.0074630025,-3.37071166667
98,InSeBr_0,InSeBr,1.7970608108099997,-5.30101010101,-3.50398989899,2.9184,-6.18325806452,-3.27074193548,1.71781425403,-7.0188243550400005,-5.22180415302,1.73021757141,-7.91347563593,-5.00095950689,In,Se,Br,0,1.7,2.4,2.8,114.818,78.96,79.504,156.0,103.0,94.0,4.172164436509999,5.9825155279499995,34.2257600365,89.558287327,89.99650497190001,89.99885684719999,-3.233122
99,InSeBr_1,InSeBr,1.27225263158,-4.25559162304,-2.98340837696,2.39565217391,-5.11183333333,-2.72416666667,2.45664219191,-6.71223381495,-5.440050568869999,2.48272950464,-7.59456283797,-5.2068961713099995,In,Se,Br,1,1.7,2.4,2.8,114.818,78.96,79.504,156.0,103.0,94.0,4.1484454920300005,4.1484454920300005,21.4027891808,89.9645424044,89.9645424044,60.0069785342,-3.21372303333
100,InSeI_0,InSeI,1.1684554455399998,-4.166699507390001,-2.99830049261,2.1445652173900003,-4.88620833333,-2.74879166667,1.8926789121,-6.059378419490001,-4.89097940471,1.90262746981,-6.78883580314,-4.6514191364799995,In,Se,I,0,1.7,2.4,2.5,114.818,78.96,126.90447,156.0,103.0,115.0,4.24162582152,5.957471702109999,35.7483054497,89.66707851780001,89.9999059393,89.99856400690001,-3.05240683333
101,InSeI_1,InSeI,0.38564406779700006,-2.93721666667,-2.55178333333,1.3603846153799999,-3.66421428571,-2.3167857142900004,2.54710415179,-5.4843208184600005,-5.098887485120001,2.55826069575,-6.2224749814599996,-4.87504641004,In,Se,I,1,1.7,2.4,2.5,114.818,78.96,126.90447,156.0,103.0,115.0,4.200515677569999,4.200515677569999,21.9433767434,89.96604445860001,89.96604445860001,60.010295955,-3.0264669
102,InTeF_0,InTeF,2.01908835341,-4.3610120000000006,-2.341988,3.01086956522,-5.05141666667,-2.05058333333,2.01919365986,-6.3802056598600005,-4.36118165986,2.02226710227,-7.07368376894,-4.0728504355999995,In,Te,F,0,1.7,2.1,4.0,114.818,127.6,18.9984,156.0,123.0,42.0,4.43663453837,5.56807856619,27.354683330700002,89.4934245434,89.959059895,89.9981613816,-3.68332916667
103,InTeCl_0,InTeCl,2.03306567164,-4.95001488095,-2.9169851190499996,2.93013333333,-5.599612903230001,-2.67538709677,1.89398513618,-6.84400001713,-4.81097025523,1.90280003367,-7.502412936900001,-4.57818713044,In,Te,Cl,0,1.7,2.1,3.0,114.818,127.6,35.4527,156.0,123.0,79.0,4.42785321054,6.21069397954,32.9337278782,89.5303467199,89.9994566534,89.99384437350001,-3.17988233333
104,InTeCl_1,InTeCl,1.8521827956999999,-4.538567857139999,-2.68643214286,2.50466666667,-5.139480000000001,-2.64252,2.8212826948,-7.359850551939999,-5.50771483766,2.85564077645,-7.995120776450001,-5.49816077645,In,Te,Cl,1,1.7,2.1,3.0,114.818,127.6,35.4527,156.0,123.0,79.0,4.42924542886,4.42924542886,21.5068320813,89.96278482379999,89.96278482379999,60.018455797,-3.1299543
105,InTeBr_0,InTeBr,1.88187301587,-4.8279177215199995,-2.94608227848,2.76113793103,-5.4731,-2.7179,1.82442832724,-6.652346048759999,-4.77051060572,1.83405632536,-7.307156325359999,-4.55195632536,In,Te,Br,0,1.7,2.1,2.8,114.818,127.6,79.504,156.0,123.0,94.0,4.43936240647,6.3024618785,34.3581312029,89.5366070644,89.9980027589,89.9980611103,-3.0130535
106,InTeBr_1,InTeBr,1.69196525097,-4.17545769231,-2.48354230769,2.43425,-4.83188,-2.40512,2.60719925317,-6.78265694548,-5.09074156086,2.63737438929,-7.4692543892900005,-5.042494389290001,In,Te,Br,1,1.7,2.1,2.8,114.818,127.6,79.504,156.0,123.0,94.0,4.4282720111,4.4282720111,22.1231194755,89.96286501969999,89.96286501969999,60.017199196499995,-2.97761396667
107,InTeI_0,InTeI,1.5366713286700002,-4.17031707317,-2.63368292683,2.47144827586,-4.88906666667,-2.42293333333,1.96287297391,-6.133190047079999,-4.59655590074,1.96459525385,-6.85366192052,-4.38752858718,In,Te,I,0,1.7,2.1,2.5,114.818,127.6,126.90447,156.0,123.0,115.0,4.47421862945,6.39926287628,36.0209804748,89.57644978129998,89.99671733870001,89.99778659190001,-2.83275883333
108,InTeI_1,InTeI,1.09666666667,-3.1448021390400003,-2.04819786096,1.8546,-3.85828571429,-2.0117142857099997,2.65374445535,-5.79854659439,-4.701942316309999,2.67040467882,-6.528690393110001,-4.68211896453,In,Te,I,1,1.7,2.1,2.5,114.818,127.6,126.90447,156.0,123.0,115.0,4.45213494456,4.45213494456,22.7960004139,89.96313524969999,89.96313524969999,60.017147176,-2.80697653333
