,Phase,Compound,Band gap (eV),VBM (eV),CBM (eV),HSE-gap (eV),HSE-VBM (eV),HSE-CBM (eV),a1 (A),a2 (A),a3 (A),alpha,beta,gamma,Cohesive energy (eV/atom),Vacuum level (eV),VBM Absolute (eV),CBM Absolute (eV),HSE vacuum level (eV),HSE-VBM Absolute (eV),HSE-CBM Absolute (eV),Phase index
0,GePCl_0,GePCl,2.20791176471,-4.71443695015,-2.50656304985,3.07336150235,-5.32316393443,-2.2498360655700003,3.7128918465199994,5.50339425194,29.8690967138,89.52500251030001,89.99160358479999,89.999242601,-4.27184066667,2.03710066319,-6.75153761334,-4.54366371304,2.0465016329,-7.36966556733,-4.29633769847,0
1,GePCl_1,GePCl,1.9722400000000002,-3.8470942029,-1.8749057971,2.8094792243799995,-4.41971823204,-1.61028176796,3.70779010862,3.70779010862,19.036421879200002,89.96598577530001,89.96598577530001,60.031263663000004,-4.253680999999999,2.7991014792,-6.6461956821,-4.6740072763,2.81339001007,-7.23310824211,-4.42367177803,1
2,SiNF_0,SiNF,5.12444761905,-5.70770532319,-0.583294676806,6.717461538459999,-6.8337136,-0.1162864,2.91684047245,4.79847968148,21.687704511,89.4975777498,89.8971171974,89.99423050899999,-7.140858000000001,2.60003801861,-8.3077433418,-3.183332695416,2.61380265998,-9.44751625998,-2.73008905998,0
3,SiNF_1,SiNF,5.09082135524,-5.98738934426,-0.896610655738,6.78118353345,-7.195571917810001,-0.414428082192,2.91540877138,2.91540877138,19.7976791172,89.9707026159,89.9707026159,59.960939869300006,-7.028783666669999,3.20670973372,-9.19409907798,-4.103320389458,3.27458630447,-10.47015822228,-3.689014386662,1
4,SiNCl_0,SiNCl,3.40433484163,-3.9536501128699992,-0.5493498871329999,4.81386115993,-4.89741578947,-0.08358421052630001,3.01566223291,4.6841850795,25.824725529600002,89.7860111693,89.9964165786,89.9993688083,-6.267459166669999,2.65422814915,-6.60787826202,-3.203578036283,2.65607576094,-7.5534915504099995,-2.7396599714663,0
5,SiNCl_1,SiNCl,2.29103370787,-1.74248507463,0.548485074627,3.64751530612,-2.61823409669,1.02923409669,3.01187607353,3.01187607353,15.721977246400002,89.97858994100001,89.97858994100001,60.0020640304,-5.998939666669999,3.90470702586,-5.64719210049,-3.356221951233,3.91221975125,-6.5304538479400005,-2.8829856545599997,1
6,SiNBr_0,SiNBr,1.50505050505,-2.44148743719,-0.936512562814,2.70554769231,-3.23424846626,-0.528751533742,3.09233988344,4.57512017443,26.6973424025,89.4657227124,89.9964233265,89.9981119035,-5.933041833330001,2.60721988598,-5.04870732317,-3.543732448794,2.60922681647,-5.84347528273,-3.1379783502120002,0
7,SiNBr_1,SiNBr,0.293294117647,-0.23091428571400002,0.06191428571430001,1.43392405063,-0.8969056603769999,0.5369056603769999,3.08820990693,3.08820990693,16.134262056,89.97736709790001,89.97736709790001,60.0090212408,-5.53650966667,3.67390439583,-3.904818681544,-3.6119901101157,3.67946498782,-4.576370648197,-3.142559327443,1
8,SiNI_0,SiNI,0.0,-0.30649511,-0.30649511,0.0,-0.63856088,-0.63856088,3.25492534769,4.5822647535000005,25.5589947983,89.77373767809999,89.9811034064,89.9994639176,-5.5266688333300005,3.25248305829,-3.5589781682900004,-3.5589781682900004,3.26586714743,-3.90442802743,-3.90442802743,0
9,SiNI_1,SiNI,0.0,0.88320068,0.88320068,0.0,0.93272295,0.93272295,3.1889398647900005,3.1889398647900005,16.4560997469,89.47085003469999,89.47085003469999,61.5217802608,-4.98031733333,4.36663457975,-3.4834338997500005,-3.4834338997500005,4.31568032082,-3.3829573708200003,-3.3829573708200003,1
10,SiPF_0,SiPF,2.5711063829799996,-4.92802120141,-2.35697879859,3.43396491228,-5.570953352769999,-2.13704664723,3.5461951047699998,5.12938356727,26.4793667971,89.4850925901,89.97798918950001,89.9940609465,-5.540754666669999,2.1613381703,-7.08935937171,-4.51831696889,2.17507724861,-7.746030601379999,-4.31212389584,0
11,SiPF_1,SiPF,2.55543295019,-5.11467938931,-2.55932061069,3.4443271027999995,-5.74663043478,-2.3023695652200002,3.5365363272099994,3.5365363271,24.217221392600003,89.9616311659,89.96163116870001,60.0291858278,-5.542134333330001,2.39300975036,-7.50768913967,-4.9523303610500005,2.44178056003,-8.18841099481,-4.74415012525,1
12,SiPCl_0,SiPCl,2.46625945946,-4.43561185984,-1.9693881401599997,3.3486228070200004,-5.07529540481,-1.7267045951900002,3.5852738384500005,5.31255348516,29.802776398200002,89.5678241598,89.9979030072,89.99543296510001,-4.7946381666699995,2.20816193439,-6.64377379423,-4.17755007455,2.2156869971,-7.29098240191,-3.9423915922900004,0
13,SiPCl_1,SiPCl,2.37058823529,-3.3732716049400002,-1.0027283950599999,3.2439014778299997,-3.96093120393,-0.7170687960690001,3.5698843451199997,3.5698843451199997,18.1836862423,89.96623828690001,89.96623828690001,60.0198978045,-4.792811,3.08932221977,-6.46259382471,-4.09205061483,3.09974902543,-7.06068022936,-3.816817821499,1
14,SiPBr_0,SiPBr,2.10483435583,-4.09639755352,-1.99160244648,3.0170655737700005,-4.78701635514,-1.7699836448599997,3.62364266562,5.3377027012000005,30.8781564477,89.614982342,89.9996233643,89.99422268469999,-4.55021833333,2.13452373108,-6.2309212846,-4.12612617756,2.14290596119,-6.92992231633,-3.9128896060499994,0
15,SiPBr_1,SiPBr,1.95813818182,-3.0220434782599996,-1.06395652174,2.89929973475,-3.6996296296300004,-0.80037037037,3.61105766625,3.61105766625,18.8061185877,89.9686742901,89.9686742901,60.0188382641,-4.52530333333,3.03443102758,-6.05647450584,-4.09838754932,3.03587447977,-6.735504109400001,-3.83624485014,1
16,SiPI_0,SiPI,0.9556543209880001,-2.6917914110400005,-1.73620858896,1.7938129496400002,-3.30738351254,-1.51361648746,3.71841848149,5.29979543619,31.919741144899998,89.682620881,89.99940082200001,89.9976224937,-4.28503733333,2.4311162176,-5.12290762864,-4.16732480656,2.43585938394,-5.74324289648,-3.9494758714,0
17,SiPI_1,SiPI,0.631895833333,-1.3433814433000002,-0.711618556701,1.43594117647,-1.90793658537,-0.472063414634,3.70549787883,3.70549787883,19.3395816264,89.9723952491,89.9723952491,60.0182239243,-4.197439,3.48464519898,-4.82802664228,-4.1962637556810005,3.48757489727,-5.39551148264,-3.959638311904,1
18,SiAsF_0,SiAsF,2.255904,-4.21491633466,-1.9590836653400001,3.05577850163,-4.80185714286,-1.7461428571400002,3.7127498902099996,5.25189594179,24.7719206558,89.7616308785,89.9044549896,89.97935044639999,-5.23236466667,2.12596485551,-6.34088119017,-4.08504852085,2.13965503238,-6.94151217524,-3.88579788952,0
19,SiAsF_1,SiAsF,2.23216017316,-4.2755387931,-2.0434612069,3.0201197183099997,-4.86352280702,-1.8434771929799998,3.7060585804300006,3.7060585804300006,20.0054660536,89.7527944392,89.7527944392,59.9068815779,-5.22248266667,2.562015621,-6.8375544140999995,-4.6054768279000005,2.59525269333,-7.45877550035,-4.43872988631,1
20,SiAsCl_0,SiAsCl,2.3071461318099997,-4.13355428571,-1.8264457142900001,3.08947058824,-4.70621830986,-1.61678169014,3.737585624,5.53379280179,30.3322010929,89.5363247756,89.9986258573,89.9898038828,-4.497971,2.00599649612,-6.13955078183,-3.83244221041,2.01330330942,-6.71952161928,-3.63008499956,0
21,SiAsCl_1,SiAsCl,2.09233103448,-3.19614089347,-1.10385910653,2.85263085399,-3.72779395604,-0.8752060439560001,3.7251775530300004,3.7251775530300004,18.7337002898,89.9646429538,89.9646429538,60.0350117805,-4.49666766667,2.79522874245,-5.99136963592,-3.89908784898,2.79677498133,-6.524568937370001,-3.671981025286,1
22,SiAsBr_0,SiAsBr,2.13768656716,-3.99232440476,-1.8546755952400003,2.93591428571,-4.59094061758,-1.6550593824200002,3.7692770101599997,5.57623033968,31.371448471599997,89.5566834582,89.9972889322,89.9990720618,-4.2631974999999995,1.94883593318,-5.94116033794,-3.8035115284200005,1.95591564669,-6.546856264270001,-3.6109750291100005,0
23,SiAsBr_1,SiAsBr,1.93189855072,-3.07992418773,-1.14807581227,2.7080446927399997,-3.6545013927599994,-0.946498607242,3.7583103689699997,3.7583103689699997,19.4226254401,89.96564502940001,89.96564502940001,60.035742488900006,-4.248858,2.64524794663,-5.72517213436,-3.7933237589,2.65085040624,-6.305351798999999,-3.597349013482,1
24,SiAsI_0,SiAsI,1.40643442623,-3.05669387755,-1.65030612245,2.19260115607,-3.65428242075,-1.4617175792500001,3.8549436146,5.58672065716,32.6153349092,89.640173046,89.99993768450001,89.99990511610001,-4.01541316667,2.19963917547,-5.2563330530200005,-3.84994529792,2.20358094533,-5.85786336608,-3.6652985245800003,0
25,SiAsI_1,SiAsI,0.8966285714290001,-1.9032695035499998,-1.00673049645,1.7676498054499998,-2.49679844961,-0.729201550388,3.8401794816900003,3.8401794816900003,20.1148149975,89.9670110784,89.9670110784,60.0326015017,-3.96237466667,3.03157976125,-4.9348492648,-4.0383102577,3.04496815885,-5.54176660846,-3.7741697092380004,1
26,SiSbF_0,SiSbF,1.44349693252,-3.25669512195,-1.81330487805,2.16331531532,-3.7886143497800004,-1.6253856502200001,4.04550011458,5.52560471434,25.5249029088,88.87063449809999,89.86401434620001,89.9523602837,-4.88281333333,2.2375032017,-5.49419832365,-4.05080807975,2.24943945095,-6.038053800730001,-3.8748251011700003,0
27,SiSbF_1,SiSbF,1.54865853659,-3.18927272727,-1.64072727273,2.2204651162799998,-3.7311851851899998,-1.51081481481,4.041537999119999,4.041537999119999,17.315251463,89.92645521819999,89.92645521819999,60.253760453299996,-4.86274966667,3.00924599989,-6.19851872716,-4.6499732726200005,3.0342505836,-6.76543576879,-4.54506539841,1
28,SiSbCl_0,SiSbCl,1.650796875,-3.5003735408599996,-1.84962645914,2.34018292683,-4.01706990881,-1.6769300911899998,4.05472301284,5.91788191477,31.011719218699998,89.535865664,89.99537261110001,89.9973981763,-4.17099516667,2.06416596606,-5.564539506919999,-3.9137924252,2.06954859546,-6.08661850427,-3.7464786866499997,0
29,SiSbCl_1,SiSbCl,1.4889150943399998,-2.73092488263,-1.24207511737,2.14219285714,-3.2215693950200004,-1.07943060498,4.0421280893,4.0421280893,19.4418777624,89.9603941848,89.9603941848,60.0494121045,-4.16231933333,2.87575275973,-5.60667764236,-4.1178278771,2.87432277755,-6.09589217257,-3.9537533825300004,1
30,SiSbBr_0,SiSbBr,1.5813543307100002,-3.4861529411800003,-1.90484705882,2.2646424242400003,-4.023800604230001,-1.7591993957700003,4.07585166359,5.99379273304,31.944236441399998,89.5393111326,89.9917516691,89.99892373680001,-3.9510004999999997,2.01110177387,-5.49725471505,-3.91594883269,2.01823252343,-6.042033127660001,-3.7774319192000005,0
31,SiSbBr_1,SiSbBr,1.40450485437,-2.67071980676,-1.26628019324,2.06660498221,-3.18727659574,-1.12072340426,4.05725635748,4.05725635748,20.1624369508,89.9628760748,89.9628760748,60.0479806772,-3.9361589999999995,2.73775150527,-5.4084713120300005,-4.0040316985099995,2.73885283831,-5.926129434050001,-3.85957624257,1
32,SiSbI_0,SiSbI,1.3619392712600003,-3.00644758065,-1.64455241935,2.03816816817,-3.5440658682599997,-1.50593413174,4.13129920827,6.06989905507,33.0259017749,89.575606336,89.9980584515,89.9986915057,-3.7298025000000004,2.21836108093,-5.22480866158,-3.86291350028,2.22317162188,-5.767237490139999,-3.72910575362,0
33,SiSbI_1,SiSbI,1.11013259669,-2.1000329670299998,-0.9899670329670001,1.79112177122,-2.58253676471,-0.7914632352940001,4.10624958965,4.10624958965,20.957517043800003,89.9633114074,89.9633114074,60.04871575479999,-3.69840633333,2.96814499649,-5.06817796352,-3.9581120294570002,2.92891102083,-5.51144778554,-3.7203742561240003,1
34,SiBisF_0,SiBisF,1.06532231405,-2.39659016393,-1.3314098360700002,1.68514942529,-2.8115200000000002,-1.12648,4.18512789908,5.589474672560001,22.042444281799998,89.5495822116,89.80101364139999,89.9439617858,-4.7236105,2.36330423166,-4.75989439559,-3.69471406773,2.36631780673,-5.17783780673,-3.49279780673,0
35,SiBisF_1,SiBisF,0.824318181818,-3.9930561797800004,-3.16894382022,1.38217777778,-4.438014705880001,-3.05598529412,4.20613761757,4.20613761757,29.6146959843,89.95907932780001,89.95907932780001,60.102843988400004,-4.68057366667,2.07947509223,-6.07253127201,-5.24841891245,2.12597110808,-6.5639858139600005,-5.1819564022,1
36,SiBisCl_0,SiBisCl,1.28566666667,-3.1233019802,-1.8376980198,1.9150295203,-3.54398897059,-1.6290110294100002,4.207534566680001,5.9957007149,31.2589724569,89.52155960549999,89.9980353221,89.99041902340001,-4.02294516667,1.89703703605,-5.02033901625,-3.73473505585,1.90081071818,-5.44479968877,-3.5298217475900002,0
37,SiBisCl_1,SiBisCl,0.83875,-2.57881818182,-1.74018181818,1.39095652174,-2.9794378378400004,-1.58856216216,4.19642704718,4.19642704718,19.7428243379,89.9417581406,89.9417581406,60.1025077908,-3.990424,2.70012096194,-5.278939143760001,-4.44030278012,2.71575765424,-5.69519549208,-4.3043198164,1
38,SiBisBr_0,SiBisBr,1.25625615764,-3.18109803922,-1.9249019607799998,1.8765,-3.6197256317699997,-1.7432743682299998,4.22876459228,6.07478857949,32.2398964036,89.5600122514,89.99661790129998,89.998746142,-3.80999916667,1.85845413633,-5.03955217555,-3.7833560971099995,1.86298887545,-5.48271450722,-3.60626324368,0
39,SiBisBr_1,SiBisBr,0.780339130435,-2.53061206897,-1.75038793103,1.32237362637,-2.9421475409799998,-1.61985245902,4.20665351798,4.20665351798,20.4908273118,89.9426059188,89.9426059188,60.1003490799,-3.76968166667,2.57572785055,-5.10633991952,-4.3261157815799995,2.5949241543,-5.53707169528,-4.21477661332,1
40,SiBisI_0,SiBisI,1.20490410959,-2.86442727273,-1.65957272727,1.79500673401,-3.31498322148,-1.52001677852,4.28910948911,6.1531859322,33.2737646578,89.5666343924,89.9995042693,89.99747993540001,-3.6002765,2.07075724271,-4.93518451544,-3.73032996998,2.07559010674,-5.39057332822,-3.59560688526,0
41,SiBisI_1,SiBisI,0.5470224719100001,-2.02994444444,-1.48305555556,1.09589285714,-2.46240828402,-1.3665917159799998,4.24271154399,4.24271154399,21.3303963645,89.9450289565,89.9450289565,60.103243148400004,-3.545992,2.75344177033,-4.783386214769999,-4.236497325889999,2.76549262485,-5.22790090887,-4.13208434083,1
42,GeNF_0,GeNF,2.7902970297000005,-6.6511184210500005,-3.86088157895,4.3664037558699995,-7.77617798595,-3.4098220140499995,3.12988452871,5.06137238283,23.9673337836,89.6047836511,89.9755146649,89.9762635557,-5.82506183333,2.09662295707,-8.74774137812,-5.95750453602,2.1161096198,-9.89228760575,-5.52593163385,0
43,GeNF_1,GeNF,2.76388405797,-6.986906137180001,-4.22309386282,4.45002985075,-8.23898759305,-3.78901240695,3.1143930549400003,3.1143930549400003,24.1143599667,89.964189157,89.964189157,59.9738117089,-5.76162666667,2.71244099169,-9.69934712887,-6.935534854509999,2.80043729832,-11.03942489137,-6.58944970527,1
44,GeNCl_0,GeNCl,2.28368608414,-4.7803193548400005,-2.4966806451599997,3.7331608695699994,-5.754062906719999,-2.0209370932799997,3.20028080925,4.91429158875,26.441613749200002,89.6526206586,89.99881992610001,89.9865260226,-5.1985765,2.26813694408,-7.048456298920001,-4.76481758924,2.2688938115,-8.022956718219998,-4.28983090478,0
45,GeNCl_1,GeNCl,0.744359550562,-3.05808888889,-2.31391111111,2.11275423729,-3.98883966245,-1.87616033755,3.1823016387700003,3.1823016387700003,16.7810746172,89.9758447482,89.9758447482,60.005067973100005,-5.044843,3.20300873032,-6.26109761921,-5.51691984143,3.2048239659,-7.19366362835,-5.08098430345,1
46,GeNBr_0,GeNBr,0.942387596899,-3.3791384615400006,-2.4368615384599996,2.18080291971,-4.20687272727,-2.02612727273,3.2635935123000004,4.8614946399,26.5825072883,89.67830926290002,89.9899615872,89.99592171030001,-4.95639466667,2.24764059804,-5.6267790595800005,-4.684502136499999,2.2453938689,-6.45226659617,-4.27152114163,0
47,GeNBr_1,GeNBr,0.0,-1.90168444,-1.90168444,0.1032,-2.38581818182,-2.28418181818,3.25695468571,3.25695468571,17.1602336318,89.9001752017,89.9001752017,59.6909303658,-4.72992766667,3.03395003527,-4.93563447527,-4.93563447527,3.02598728102,-5.41180546284,-5.3101690991999995,1
48,GeNI_0,GeNI,0.0,-1.42227321,-1.42227321,0.0,-1.69663923,-1.69663923,3.38686802223,4.84582655488,26.0528309402,90.0,90.0,90.0,-4.66122966667,2.80182491985,-4.22409812985,-4.22409812985,2.80527684125,-4.50191607125,-4.50191607125,0
49,GeNI_1,GeNI,0.0,-0.61488522,-0.61488522,0.0,-0.65768002,-0.65768002,3.37164096054,3.37164096054,17.425864005,89.9432279859,89.9432279859,60.0058794867,-4.383229,3.65682064206,-4.27170586206,-4.27170586206,3.56643728424,-4.22411730424,-4.22411730424,1
50,GePF_0,GePF,2.22417509728,-5.05355426357,-2.82944573643,3.0832704402499997,-5.6676050156699995,-2.58439498433,3.68198194393,5.256226903469999,25.4175130204,89.6163232233,89.98808784469999,89.9905550725,-4.8569265,2.05253538378,-7.10608964735,-4.88198112021,2.06605323184,-7.733658247509999,-4.65044821617,0
51,GePF_1,GePF,1.0557435897399998,-5.10079661017,-4.04520338983,1.67447058824,-5.598678362569999,-3.9243216374300003,4.03786810054,4.03786810054,31.749150435100002,89.96671668239999,89.96671668239999,59.4331790483,-4.42214766667,2.25724415013,-7.3580407603,-6.30244753996,2.41678951975,-8.01546788232,-6.34111115718,1
52,GePBr_0,GePBr,1.87055405405,-4.35825589226,-2.48774410774,2.76385390428,-5.01890954774,-2.2550904522599997,3.74693468799,5.53583847314,31.036601476399998,89.5684989041,89.996613416,89.99476529360001,-4.07721633333,1.95894853652,-6.31720442878,-4.4466926442600005,1.96766832515,-6.98657787289,-4.22275877741,0
53,GePBr_1,GePBr,1.57084,-3.3898893805299997,-1.81911061947,2.49594578313,-4.06345045045,-1.56754954955,3.7400391946,3.7400391946,19.6026177205,89.96586073809999,89.96586073809999,60.0288153201,-4.04804866667,2.61195523087,-6.001844611399999,-4.43106585034,2.62155830504,-6.685008755490001,-4.1891078545900005,1
54,GePI_0,GePI,0.940469135802,-3.1036993864999998,-2.1633006135,1.7686787003599997,-3.72731654676,-1.95868345324,3.83405023819,5.53047582354,32.1924874315,89.66710913370001,89.99785420040001,89.99964427450001,-3.86108333333,2.21227409163,-5.315973478129999,-4.37557470513,2.21772858021,-5.94504512697,-4.17641203345,0
55,GePI_1,GePI,0.17064000000000001,-1.85807692308,-1.68792307692,1.03571812081,-2.45781333333,-1.42218666667,3.8224996543199996,3.8224996543199996,20.134544767999998,89.9706307547,89.9706307547,60.0319374869,-3.79147333333,2.95931806796,-4.8173949910400005,-4.64724114488,2.96002394295,-5.41783727628,-4.3822106096199995,1
56,GeAsF_0,GeAsF,1.7140552763799999,-3.886485,-2.172515,2.47597297297,-4.44945,-1.97355,3.84437837125,5.31884860084,19.5325315795,88.6432079785,89.73976073370001,89.9993592202,-4.64930916667,2.45341494488,-6.33989994488,-4.62592994488,2.46738260448,-6.91683260448,-4.44093260448,0
57,GeAsF_1,GeAsF,1.5383132530099999,-4.82910179641,-3.2908982035900003,2.32026431718,-5.416087719299999,-3.0959122807,3.8489810334500003,3.8489810334500003,19.9582898399,90.0,90.0,60.016726751099995,-4.58005833333,2.67629697959,-7.505398776,-5.96719518318,2.73804582182,-8.15413354112,-5.8339581025200005,1
58,GeAsCl_0,GeAsCl,1.79179856115,-4.41537634409,-2.62362365591,2.55817270195,-4.97306666667,-2.41493333333,3.8702190448400002,5.65665260377,30.342281194899996,89.5330231019,89.9990233481,89.9971668915,-4.0691725,1.86503847179,-6.28041481588,-4.4886621277,1.87271888011,-6.84578554678,-4.28765221344,0
59,GeAsCl_1,GeAsCl,1.37604123711,-3.7079846153800005,-2.33201538462,2.1452688172,-4.23360714286,-2.08839285714,3.863209215,3.863209215,19.5318557338,89.9567503238,89.9567503238,60.0608579235,-4.03455666667,2.5969497468,-6.304934362180001,-4.92896513142,2.60559407391,-6.83920121677,-4.69398693105,1
60,GeAsBr_0,GeAsBr,1.6364444444400001,-4.23219847328,-2.5958015267200003,2.3857109826599996,-4.82383573487,-2.4381642651299997,3.9005639110400003,5.709489104709999,31.360121910900002,89.5722135993,89.99925058129999,89.99969747370001,-3.8806595,1.81074181845,-6.04294029173,-4.40654334517,1.81807520828,-6.64191094315,-4.25623947341,0
61,GeAsBr_1,GeAsBr,1.14167272727,-3.4597951807199996,-2.31820481928,1.9157937743200002,-4.02136821705,-2.1056317829499998,3.88698860179,3.88698860179,20.1672671767,89.9560285334,89.9560285334,60.055506177299996,-3.84125866667,2.41852503937,-5.87832022009,-4.7367298586499995,2.42453732262,-6.44590553967,-4.53016910557,1
62,GeAsI_0,GeAsI,1.14029,-3.36161691542,-2.2213830845800002,1.8565016949200002,-3.9522297297300004,-2.09577027027,3.98567073551,5.741921961139999,32.277302073200005,89.5935616299,89.99793371129999,89.9983285767,-3.6781735,2.06128393446,-5.4229008498799995,-4.28266701904,2.06728396433,-6.0195136940600005,-4.163054234600001,0
63,GeAsI_1,GeAsI,0.2125,-2.29506060606,-2.0829393939400003,0.988448275862,-2.8976780821900006,-1.9093219178099998,3.95517307122,3.95517307122,20.8388593372,89.9596628123,89.9596628123,60.0565508941,-3.61393366667,2.61740768262,-4.9124682886799995,-4.70034707656,2.61306220806,-5.51074029025,-4.5223841258699995,1
64,GeSbF_0,GeSbF,1.03163934426,-3.39125203252,-2.35974796748,1.68653333333,-3.9142154696099998,-2.22778453039,4.17141043296,5.42464363031,26.2361847816,89.5580164706,89.9409699007,89.97048890469999,-4.40242366667,2.0316383982,-5.422890430720001,-4.391386365680001,2.03880287146,-5.95301834107,-4.26658740185,0
65,GeSbF_1,GeSbF,0.569806451613,-4.27776190476,-3.70823809524,1.1276106194700002,-4.82271929825,-3.6952807017500002,4.24890875791,4.24890875791,20.0003262789,89.39998978780001,89.39998978780001,63.6228825472,-4.290375,2.69441624559,-6.97217815035,-6.40265434083,2.74664128464,-7.56936058289,-6.44192198639,1
66,GeSbCl_0,GeSbCl,1.22449484536,-3.7232153846199996,-2.49878461538,1.90994117647,-4.24494505495,-2.33505494505,4.18163457075,5.93579138221,31.0115549188,89.5141081767,89.99121718229999,89.99554267280001,-3.83131566667,1.94655027572,-5.6697656603399995,-4.4453348911,1.95329626323,-6.198241318179999,-4.28835120828,0
67,GeSbCl_1,GeSbCl,1.03968,-3.27179470199,-2.23220529801,1.68982300885,-3.7643788546300008,-2.07462114537,4.16990624458,4.16990624458,20.152031224,89.9471233022,89.9471233022,60.0855878111,-3.7758093333300002,2.74721771513,-6.019012417120001,-4.97942301314,2.75234932707,-6.516728181700001,-4.82697047244,1
68,GeSbBr_0,GeSbBr,1.17618848168,-3.6770625,-2.5009375,1.8594254545500002,-4.2156884058,-2.3563115941999997,4.20487263263,6.004979719980001,31.861963168200003,89.54538879530001,89.99931678819999,89.9987543312,-3.65175216667,1.9076777297,-5.5847402296999995,-4.4086152297000005,1.91441851939,-6.13010692519,-4.27073011359,0
69,GeSbBr_1,GeSbBr,0.9443,-3.1016028368799997,-2.15739716312,1.5893181818200002,-3.6071266968300004,-2.01787330317,4.17872106094,4.17872106094,20.837634403800003,89.9479498146,89.9479498146,60.0823859808,-3.59585133333,2.57812081046,-5.6797236473399995,-4.73551797358,2.58144499064,-6.1885716874700005,-4.599318293810001,1
70,GeSbI_0,GeSbI,1.08894416244,-3.18344444444,-2.09455555556,1.73198606272,-3.7209722222199995,-1.98902777778,4.2636041353800005,6.09809069018,32.5989899194,89.5609523185,89.9988357365,89.999482614,-3.46734916667,2.12800021634,-5.311444660779999,-4.2225557719,2.13424081411,-5.8552130363299995,-4.12326859189,0
71,GeSbI_1,GeSbI,0.553022222222,-2.37494505495,-1.8220549450499999,1.22691489362,-2.92042328042,-1.69357671958,4.21342024266,4.21342024266,21.6121090481,89.95072029069999,89.95072029069999,60.0845958882,-3.40234833333,2.7201246667,-5.09506972165,-4.54217961175,2.71265032888,-5.6330736093,-4.40622704846,1
72,GeBisF_0,GeBisF,0.710523809524,-2.89916470588,-2.18883529412,1.29435971223,-3.30811428571,-2.01388571429,4.32501087036,5.3580383125,26.770313417399997,89.56043092799999,89.91861397219999,89.99639720030001,-4.29771466667,1.84296124552,-4.7421259514,-4.03179653964,1.83862698436,-5.14674127007,-3.85251269865,0
73,GeBisF_1,GeBisF,0.185684210526,-3.7934,-3.6086,0.633492063492,-4.23559375,-3.60240625,4.238349113419999,4.238349113419999,22.0,90.0,90.0,63.4737480537,-4.17045,2.66078617543,-6.45418617543,-6.26938617543,2.73918550471,-6.97477925471,-6.3415917547100005,1
74,GeBisCl_0,GeBisCl,0.958366013072,-3.36214285714,-2.4038571428599997,1.55778571429,-3.7908622222199995,-2.23313777778,4.34113502675,5.93242912471,31.3953605901,89.5221589089,89.9946627074,89.9978929574,-3.733967,1.79579921195,-5.15794206909,-4.199656354809999,1.79708258199,-5.587944804209999,-4.03022035977,0
75,GeBisCl_1,GeBisCl,0.405517241379,-3.1066440677999996,-2.7013559322000003,0.864655172414,-3.50926495726,-2.6447350427400003,4.312948660380001,4.312948660380001,20.3773163011,89.93261818629999,89.93261818629999,60.234069908500004,-3.646953,2.62782397007,-5.73446803787,-5.329179902270001,2.65490994128,-6.164174898540001,-5.29964498402,1
76,GeBisBr_0,GeBisBr,0.9370915032680001,-3.3840064935100003,-2.44699350649,1.5322663755500001,-3.8316043478300004,-2.29939565217,4.36681560695,6.016387162439999,32.294553223,89.53334374069999,89.99576572309999,89.9977073024,-3.55813116667,1.76461165924,-5.14861815275,-4.21160516573,1.76739420911,-5.59899855694,-4.06678986128,0
77,GeBisBr_1,GeBisBr,0.361132075472,-2.96844444444,-2.60755555556,0.819122807018,-3.3789999999999996,-2.56,4.31938895665,4.31938895665,21.1111492961,89.91779232879999,89.91779232879999,60.1636353127,-3.46937333333,2.46858204814,-5.43702649258,-5.0761376036999994,2.49502192309,-5.87402192309,-5.05502192309,1
78,GeBisI_0,GeBisI,0.95289017341,-3.0534137931,-2.1005862069,1.52798418972,-3.50696850394,-1.9790314960599997,4.42731952253,6.12080689992,33.2369902367,89.5660771349,89.9993500066,89.9995641879,-3.38036266667,1.97460039422,-5.02801418732,-4.07518660112,1.97901514441,-5.48598364835,-3.9580466404699997,0
79,GeBisI_1,GeBisI,0.16584615384600002,-2.3787037037,-2.2132962963,0.635845360825,-2.80735714286,-2.17164285714,4.3438643924500004,4.3438643924500004,21.9305263497,89.9218900673,89.9218900673,60.167853174899996,-3.28439326667,2.59509846331,-4.97380216701,-4.80839475961,2.61144830176,-5.41880544462,-4.7830911589,1
80,SnNF_0,SnNF,1.4724251497,-6.57166071429,-5.09933928571,2.6625055350599998,-7.5407169117600015,-4.87828308824,3.47289735876,5.41898229202,25.2946927077,89.212178348,89.9547444203,89.98751572629999,-5.38621016667,2.09452717027,-8.66618788456,-7.19386645598,2.11742011459,-9.658137026350001,-6.99570320283,0
81,SnNF_1,SnNF,1.3459571428600001,-5.8444113475199995,-4.4985886524800005,2.7487452471499996,-7.01633333333,-4.26766666667,3.43520145077,3.43520145077,16.3398461815,89.96807131790001,89.96807131790001,60.0130927004,-5.331098,3.44654721738,-9.290958564899999,-7.9451358698600005,3.52459840654,-10.54093173987,-7.79226507321,1
82,SnNCl_0,SnNCl,1.34162051282,-5.1317755102,-3.7902244898000004,2.50106666667,-6.0235105740199995,-3.5224894259800004,3.5102925674199996,5.35624099475,27.4627207471,89.70143783040001,89.99688226200001,89.9950756233,-4.852226,2.22632242177,-7.35809793197,-6.01654691157,2.23384017459,-8.25735074861,-5.75632960057,0
83,SnNCl_1,SnNCl,0.39728,-3.7814901960800005,-3.3845098039200003,1.62255670103,-4.73523589744,-3.11276410256,3.4666835066800004,3.4666835066800004,17.9540666076,89.9689229034,89.9689229034,60.012538627,-4.759162,3.16300525519,-6.944495451270001,-6.54751505911,3.18211272337,-7.9173486208099995,-6.29487682593,1
84,SnNBr_0,SnNBr,0.768362831858,-4.2356228070199995,-3.4673771929800004,1.8597599999999999,-5.09735059761,-3.23764940239,3.5538421184300004,5.2904553520499995,27.7878280518,89.797606105,89.9998248905,89.9974201421,-4.6596519999999995,2.19137730359,-6.427000110609999,-5.65875449657,2.19612607829,-7.2934766759,-5.43377548068,0
85,SnNBr_1,SnNBr,0.0,-2.74030499,-2.74030499,0.0574,-3.22283333333,-3.16816666667,3.51190353505,3.51190353505,18.1675528606,89.99003474370001,89.99003474370001,59.8959112463,-4.531374,2.97099591486,-5.71130090486,-5.71130090486,3.03857723407,-6.2614105674000005,-6.206743900739999,1
86,SnNI_0,SnNI,0.6184444444439999,-2.15464835165,-1.5363516483500002,1.58676056338,-2.8673457943900003,-1.28065420561,3.94851746852,4.15060095753,26.7596390844,89.90689102370001,72.1101947719,89.9821866432,-4.51887333333,3.24770459714,-5.40235294879,-4.7840562454899995,3.23611712453,-6.10346291892,-4.51677133014,0
87,SnNI_1,SnNI,0.0,-0.7704850999999999,-0.7704850999999999,0.0,-0.81164944,-0.81164944,3.5297573340800006,3.5297573340800006,18.3030052177,90.0,90.0,60.01672675100001,-4.256507,3.52228795053,-4.29277305053,-4.29277305053,3.51205531719,-4.323704757190001,-4.323704757190001,1
88,SnPF_0,SnPF,2.21754887218,-4.93324344569,-2.71575655431,2.9816940063099997,-5.487317610060001,-2.50568238994,3.9608531495199997,5.608329586900001,25.927438665,89.3629412431,89.9816681377,89.9811910264,-4.6087135,2.04370056742,-6.97694401311,-4.75945712173,2.05686455309,-7.544182163150001,-4.56254694303,0
89,SnPF_1,SnPF,1.8588737864099998,-5.0378937198100004,-3.17910628019,2.66776119403,-5.62684386617,-2.95915613383,3.9897570012199997,3.9897570012199997,18.351424681199997,89.98998811620001,89.98998811620001,60.034479574399995,-4.54303833333,3.05335274855,-8.091246468360001,-6.23245902874,3.12799609444,-8.75483996061,-6.08715222827,1
90,SnPCl_0,SnPCl,2.14249266862,-4.88722807018,-2.7447719298199997,2.9801575179000004,-5.45206190476,-2.47193809524,3.9869485970699996,5.86687576633,30.9227587407,89.5651697264,89.99347140290001,89.99595203370001,-4.06447283333,1.99515293933,-6.88238100951,-4.73992486915,2.00757269988,-7.45963460464,-4.4795107951199995,0
91,SnPCl_1,SnPCl,1.7577865612599999,-4.19486614173,-2.43713385827,2.56202654867,-4.73249117647,-2.1705088235299996,3.9940177621699995,3.9940177621699995,20.276518285399998,89.9635241934,89.9635241934,60.021852965200004,-4.03625533333,2.75245109056,-6.9473172322900005,-5.18958494883,2.77698151076,-7.50947268723,-4.94749033429,1
92,SnPBr_0,SnPBr,1.95920689655,-4.625084375,-2.665915625,2.8035766423400004,-5.23377184466,-2.43022815534,4.00936091504,5.902438039140001,31.973934911100002,89.58460472819999,89.99357570379999,89.9970908805,-3.88642383333,1.9325032984,-6.5575876734000005,-4.5984189234,1.94510096093,-7.17887280559,-4.3753291162700005,0
93,SnPBr_1,SnPBr,1.52840707965,-3.8486740088099998,-2.3203259911900003,2.3825276073599997,-4.4512415902099995,-2.06875840979,4.007449415330001,4.007449415330001,20.8102938114,89.96504168940001,89.96504168940001,60.0217815163,-3.85967133333,2.5622868339,-6.41096084271,-4.88261282509,2.58190619004,-7.033147780249999,-4.65066459983,1
94,SnPI_0,SnPI,1.39998023715,-3.59946850394,-2.1995314960599996,2.2332369146,-4.22310164835,-1.98989835165,4.07178698253,5.91734035294,32.694238024499995,89.6319722218,89.9991169505,89.99824596290001,-3.6918714999999995,2.17174283227,-5.7712113362099995,-4.371274328329999,2.18228864433,-6.40539029268,-4.17218699598,0
95,SnPI_1,SnPI,0.573195652174,-2.53003225806,-1.95696774194,1.43819444444,-3.17356682028,-1.73543317972,4.0589087052999995,4.0589087052999995,21.2031534173,89.96822980610001,89.96822980610001,60.022846693199995,-3.65039933333,2.75090253843,-5.2809347964899995,-4.70787028037,2.75718950985,-5.93075633013,-4.49262268957,1
96,SnAsF_0,SnAsF,1.77846728972,-4.40819534884,-2.62980465116,2.4514318181799997,-4.93318113208,-2.48181886792,4.11279860568,5.5888228687599995,26.300386565700002,89.51971197489999,89.9189432994,89.98350020209999,-4.44321383333,1.88819090879,-6.296386257629999,-4.51799555995,1.89810078882,-6.8312819208999995,-4.37991965674,0
97,SnAsF_1,SnAsF,1.2366666666700001,-4.79276978417,-3.55623021583,1.91756701031,-5.34873333333,-3.43126666667,4.14049407771,4.14049407771,18.8019990556,89.7807807073,89.7807807073,60.3592629569,-4.35368766667,2.86989118786,-7.66266097203,-6.42612140369,2.9357132243,-8.28444655763,-6.366979890970001,1
98,SnAsCl_0,SnAsCl,1.77944366197,-4.5492,-2.7698,2.4959047619,-5.07093296089,-2.57506703911,4.13069836989,5.9584017038,31.4064474077,89.5429415691,89.9996815191,89.9987973636,-3.89843666667,1.85060844954,-6.39980844954,-4.62040844954,1.86072703315,-6.931659994039999,-4.43579407226,0
99,SnAsCl_1,SnAsCl,1.2416444444399999,-4.03878453039,-2.79721546961,1.9098627450999999,-4.53440234375,-2.62459765625,4.134418698919999,4.134418698919999,20.7928746127,89.955531364,89.955531364,60.0436020785,-3.849966,2.59629514912,-6.6350796795099996,-5.39351061873,2.61531935306,-7.1497216968099995,-5.23991700931,1
100,SnAsBr_0,SnAsBr,1.66016236162,-4.40305882353,-2.74294117647,2.37449142857,-4.95672649573,-2.5822735042700002,4.14986478672,6.013549214509999,32.436650912,89.5265599838,89.9980175191,89.9984900673,-3.7226735,1.80167241441,-6.204731237940001,-4.54461359088,1.8124196867,-6.76914618243,-4.39469319097,0
101,SnAsBr_1,SnAsBr,1.1362899408299998,-3.7956058823500003,-2.65939411765,1.8294047619,-4.31717391304,-2.4878260869599997,4.14320717884,4.14320717884,21.3829465268,89.9567655914,89.9567655914,60.0424629188,-3.67845166667,2.41077541701,-6.20638129936,-5.07016953466,2.42569782071,-6.74287173375,-4.913523907669999,1
102,SnAsI_0,SnAsI,1.3729397590399999,-3.692448,-2.319552,2.07315929204,-4.26106176471,-2.1879382352900003,4.21026179121,6.0521727184300005,33.2706867778,89.5676603858,89.9989777774,89.9995694976,-3.5347955,2.02483301248,-5.71728101248,-4.34438501248,2.03433534709,-6.2953971118,-4.22227358238,0
103,SnAsI_1,SnAsI,0.585063157895,-2.85696875,-2.27203125,1.339,-3.45146829268,-2.11253170732,4.18402334577,4.18402334577,21.9874429065,89.9583734365,89.9583734365,60.045166092200006,-3.48372566667,2.54847005081,-5.40543880081,-4.82050130081,2.54998461201,-6.00145290469,-4.66251631933,1
104,SnSbF_0,SnSbF,1.11516176471,-3.2520218978099997,-2.13697810219,1.68603243243,-3.7349677419400003,-2.04903225806,4.43766941889,5.52756536184,25.8542941141,89.58488712120001,89.88087233600001,89.9812423663,-4.22708733333,2.14551981399,-5.3975417118,-4.2824979161800005,2.1527324293,-5.887700171240001,-4.20176468736,0
105,SnSbF_1,SnSbF,1.02029310345,-4.25657264957,-3.2364273504299996,1.60814457831,-4.78451497006,-3.1764850299400003,4.46401558887,4.46401558887,19.5046517705,89.98730629389999,89.98730629389999,60.3090972496,-4.10821633333,2.94705926516,-7.20363191473,-6.18348661559,3.00269487492,-7.78720984498,-6.17917990486,1
106,SnSbCl_0,SnSbCl,1.2851818181799999,-3.83606190476,-2.5509380952400003,1.8876788321200002,-4.32681454545,-2.43918545455,4.43959021209,6.161844187430001,31.9189417519,89.50274358780001,89.9950536309,89.9958159317,-3.68281466667,1.92321424451,-5.759276149270001,-4.474152339750001,1.93236762403,-6.259182169480001,-4.37155307858,0
107,SnSbCl_1,SnSbCl,1.04430322581,-3.62460897436,-2.58039102564,1.63547321429,-4.09820444444,-2.46279555556,4.43822228442,4.43822228442,21.407744653199998,89.9473062965,89.9473062965,60.0684899391,-3.6087559999999996,2.70184068628,-6.32644966064,-5.28223171192,2.71424953432,-6.812453978760001,-5.17704508988,1
108,SnSbBr_0,SnSbBr,1.24895169082,-3.8069471153800003,-2.55805288462,1.85424460432,-4.30859856631,-2.45440143369,4.45363608489,6.250382378029999,32.9920795389,89.5482338672,89.993364962,89.99955212540002,-3.51057283333,1.87304489292,-5.6799920083,-4.43109777754,1.88222339018,-6.19082195649,-4.33662482387,0
109,SnSbBr_1,SnSbBr,0.9970331125830001,-3.43247368421,-2.4355263157900002,1.59505333333,-3.9199955752199998,-2.32500442478,4.43752400459,4.43752400459,22.0717490137,89.94829828620001,89.94829828620001,60.0683275615,-3.443236,2.52491460439,-5.957388288600001,-4.96044092018,2.53423266858,-6.454228243799999,-4.85923709336,1
110,SnSbI_0,SnSbI,1.1966846846799999,-3.40631838565,-2.20968161435,1.80375081967,-3.9148562091500003,-2.11114379085,4.49553208485,6.3648731205299995,33.8419640965,89.57297078090001,89.9971618782,89.9996050316,-3.33116216667,2.05819381837,-5.46451220402,-4.26787543272,2.06646627282,-5.98132248197,-4.17761006367,0
111,SnSbI_1,SnSbI,0.809649635036,-2.8317826087,-2.0222173913,1.42365470852,-3.3382991071399997,-1.9147008928599998,4.45370391399,4.45370391399,22.8148264562,89.9496343021,89.9496343021,60.0660597137,-3.266682,2.60997827649,-5.44176088519,-4.6321956677900005,2.60812452975,-5.94642363689,-4.5228254226099995,1
112,SnBisF_0,SnBisF,0.765107526882,-2.7849680851099996,-2.02003191489,1.2588561151100002,-3.1608642857099998,-1.9021357142900002,4.58858280042,5.40732438011,26.741071899,89.61911815139999,89.9728963365,89.9965609865,-4.14570683333,1.9517899413,-4.7367580264099995,-3.97182185619,1.94724037039,-5.1081046561,-3.8493760846800003,0
113,SnBisF_1,SnBisF,0.497142857143,-3.9874210526300002,-3.49057894737,0.9299791666670001,-4.43139175258,-3.5016082474199997,4.59005213286,4.59005213286,19.658653822,89.979253896,89.979253896,60.3815559996,-3.9967230000000002,2.856141101,-6.84356215363,-6.34672004837,2.93151994039,-7.36291169297,-6.4331281878099995,1
114,SnBisCl_0,SnBisCl,1.02014457831,-3.45503592814,-2.43496407186,1.54454867257,-3.85674449339,-2.3122555066099997,4.5985302015,6.10168018331,32.3818906328,89.5079413188,89.9972971238,89.9982553003,-3.60203483333,1.79034916032,-5.24538508846,-4.2253132321799995,1.79329429947,-5.65003879286,-4.10554980608,0
115,SnBisCl_1,SnBisCl,0.513157894737,-3.4444935064899997,-2.93150649351,0.9463384615379999,-3.8411145038199996,-2.8948854961799997,4.57009056565,4.57009056565,21.6682433391,89.92130354,89.92130354,60.1357235567,-3.4964016666699997,2.61604477973,-6.06053828622,-5.54755127324,2.65037589384,-6.49149039766,-5.54526139002,1
116,SnBisBr_0,SnBisBr,0.998891566265,-3.48091017964,-2.4820898203599997,1.5221790393,-3.9005608695699996,-2.37843913043,4.6187966307199995,6.1954669011800005,33.4160464473,89.53948379190001,89.9967277573,89.99978916090001,-3.43161566667,1.75327529973,-5.23418547937,-4.23536512009,1.75765282848,-5.65821369805,-4.13609195891,0
117,SnBisBr_1,SnBisBr,0.489891891892,-3.27236,-2.7826400000000002,0.9168923076919999,-3.66789312977,-2.75110687023,4.566752166030001,4.566752166030001,22.355202066999997,89.92192987790001,89.92192987790001,60.136912687700004,-3.3314287000000005,2.44705710205,-5.71941710205,-5.22969710205,2.47910494928,-6.14699807905,-5.23021181951,1
118,SnBisI_0,SnBisI,1.02265263158,-3.22929842932,-2.20670157068,1.5418604651199999,-3.64390733591,-2.10209266409,4.6589364671,6.3397460711699996,34.5244016984,89.55921784790002,89.9966729789,89.9981565406,-3.25572166667,1.93043526352,-5.15973369284,-4.1371368342,1.93076851919,-5.5746758551,-4.03286118328,0
119,SnBisI_1,SnBisI,0.39254545454499995,-2.74668656716,-2.35431343284,0.8364848484849999,-3.15619548872,-2.31980451128,4.57639740322,4.57639740322,23.1246641908,89.9236370068,89.9236370068,60.135855075200006,-3.15859856667,2.5201353498,-5.26682191696,-4.87444878264,2.54144328715,-5.69763877587,-4.86124779843,1
120,PbNF_0,PbNF,1.004625,-4.47473451327,-3.4702654867300002,1.54037579618,-5.15862658228,-3.6183734177199995,3.5033785986800003,5.9179845245700005,14.4615186027,89.556679802,89.8399217844,89.94850576719999,-4.786341,2.98344772066,-7.45818223393,-6.453713207390001,2.99375281644,-8.15237939872,-6.61212623416,0
121,PbNF_1,PbNF,0.47528000000000004,-6.74496078431,-6.27003921569,1.18526086957,-7.61604310345,-6.43095689655,3.62200345704,3.62200345704,21.626011156999997,89.810957754,89.810957754,60.31710050939999,-4.597004,2.97380005041,-9.71876083472,-9.2438392661,3.0604951183,-10.67653822175,-9.49145201485,1
122,PbNCl_0,PbNCl,0.833225806452,-5.46256,-4.62944,1.56079425837,-6.30036190476,-4.73963809524,3.700845495880001,5.1368371471900005,28.4430743057,89.7470166102,89.9949682575,89.9973784131,-4.17584666667,2.23222687817,-7.6947868781699995,-6.86166687817,2.23406395923,-8.53442586399,-6.9737020544699995,0
123,PbNCl_1,PbNCl,0.0,-4.31346465,-4.31346465,0.473035087719,-5.22687931034,-4.75412068966,3.65130011339,3.65130011339,18.814424325799997,89.9680763296,89.9680763296,60.0212112334,-4.13185666667,2.92093140019,-7.23439605019,-7.23439605019,2.94851633719,-8.17539564753,-7.70263702685,1
124,PbNBr_0,PbNBr,0.498108108108,-4.39646666667,-3.89853333333,1.19447852761,-5.23419512195,-4.03980487805,3.7661854233800005,4.62404902134,29.1150350596,89.7869099228,89.9943144263,89.9863451255,-4.02603516667,2.35238849894,-6.74885516561,-6.25092183227,2.34582616597,-7.58002128792,-6.38563104402,0
125,PbNBr_1,PbNBr,0.0,-3.41536086,-3.41536086,0.0546,-4.0315,-3.9795,3.68826385149,3.68826385149,18.9271715948,89.9625622624,89.9625622624,59.8646176947,-3.97138866667,2.73439384287,-6.14975470287,-6.14975470287,2.77475126186,-6.80625126186,-6.75425126186,1
126,PbNI_0,PbNI,0.0,-2.60756078,-2.60756078,0.0,-3.00333074,-3.00333074,4.146565463480001,4.35638059669,26.2390740418,89.6771385201,72.49859495220001,89.91394773200001,-3.94281516667,3.10716696209,-5.71472774209,-5.71472774209,3.0772075668,-6.080538306799999,-6.080538306799999,0
127,PbNI_1,PbNI,0.0,-2.04767001,-2.04767001,0.0,-2.27396941,-2.27396941,3.7482575624,3.7482575624,18.7562346391,89.97169819870001,89.97169819870001,60.204441755,-3.80502333333,3.13483084455,-5.18250085455,-5.18250085455,3.15271139263,-5.42668080263,-5.42668080263,1
128,PbPF_0,PbPF,1.28911392405,-4.45700628931,-3.1679937106900002,1.8619902438999998,-4.91995145631,-3.05804854369,4.0748091650300005,5.8985951664,24.1190733881,89.4065523384,89.998495405,89.96491357049999,-4.19248966667,2.01178018278,-6.46878647209,-5.17977389347,2.01723736992,-6.93718882623,-5.07528591361,0
129,PbPF_1,PbPF,0.874313131313,-5.32457,-4.45043,1.42323287671,-5.87755102041,-4.4544489795899995,4.151805738269999,4.151805738269999,20.0,90.0,90.0,60.3671658224,-4.060439,2.99704878985,-8.32161878985,-7.44747878985,3.09577643886,-8.973327459270001,-7.550225418449999,1
130,PbPCl_0,PbPCl,1.25827586207,-4.78210784314,-3.5238921568599997,1.8587686567200001,-5.30285873606,-3.4441412639399998,4.17195606586,5.979352506130001,29.7535978732,89.5158159067,89.9984341043,89.99862464030001,-3.6904795,1.99916535022,-6.781273193360001,-5.52305750708,2.01310280475,-7.31596154081,-5.45724406869,0
131,PbPCl_1,PbPCl,0.804521367521,-4.43170338983,-3.6272966101699997,1.34781111111,-4.928364640880001,-3.5806353591199995,4.169799021319999,4.169799021319999,20.9400780503,89.9529096089,89.9529096089,60.0466260332,-3.61862266667,2.70909029007,-7.1407936799,-6.336386900239999,2.74247329021,-7.67083793109,-6.323108649329999,1
132,PbPBr_0,PbPBr,1.1340645161299998,-4.53,-3.3960000000000004,1.7184782608700002,-5.09271259843,-3.37428740157,4.20673996107,5.98228267867,30.751149851100003,89.57021357290002,89.99147177530001,89.99902892040001,-3.5361805,1.9526272581,-6.4826272581,-5.3486272581000005,1.96830532972,-7.06101792815,-5.34259273129,0
133,PbPBr_1,PbPBr,0.621217391304,-4.03053763441,-3.40946236559,1.2463255814,-4.606121387280001,-3.35987861272,4.17465117382,4.17465117382,21.4313474682,89.9542750067,89.9542750067,60.047336369700005,-3.47176766667,2.5048466231,-6.53538425751,-5.91430898869,2.52953888741,-7.135660274690001,-5.88941750013,1
134,PbPI_0,PbPI,0.9189397590360001,-3.65943712575,-2.74056287425,1.4333030303,-4.218125,-2.784875,4.29355729613,5.98501625748,31.1198266592,89.6420305924,89.9968464243,89.99627123360001,-3.37598066667,2.20712390217,-5.86656102792,-4.94768677642,2.22511510704,-6.443240107039999,-5.00999010704,0
135,PbPI_1,PbPI,0.0,-2.85366671,-2.85366671,0.574046511628,-3.4694482758599996,-2.89555172414,4.214652549019999,4.214652549019999,21.806090735700003,89.9627251207,89.9627251207,60.0507129877,-3.30181376667,2.62469040553,-5.478357115530001,-5.478357115530001,2.64209787018,-6.11154614604,-5.53764959432,1
136,PbAsF_0,PbAsF,0.9882,-3.96803305785,-2.97996694215,1.5131212121200002,-4.4290060241,-2.9159939758999998,4.365450774,5.33942537982,24.8138879662,89.3678032766,89.9963205455,89.99307876559999,-4.083232,1.95949304222,-5.927526100070001,-4.93945998437,1.96175209779,-6.39075812189,-4.87774607369,0
137,PbAsF_1,PbAsF,0.756388235294,-4.62159302326,-3.86540697674,1.3092537313400001,-5.12755555556,-3.81844444444,4.07581269401,4.07581269401,21.1344899789,90.0,90.0,60.01672675100001,-3.87722133333,3.04654421893,-7.668137242189999,-6.9119511956699995,3.1460001197,-8.273555675259999,-6.96444456414,1
138,PbAsCl_0,PbAsCl,1.14322702703,-4.467080645159999,-3.32391935484,1.6588235294100002,-4.96088284519,-3.30211715481,4.33875449402,5.95645465788,30.5235123947,89.4793566642,89.99944648889999,89.9982230387,-3.58534083333,1.85687589667,-6.3239565418299994,-5.18079525151,1.86763026244,-6.82851310763,-5.16974741725,0
139,PbAsCl_1,PbAsCl,0.548375,-4.31760493827,-3.7693950617300005,1.00263703704,-4.78726470588,-3.7847352941199994,4.31054673731,4.31054673731,21.3845095082,89.94076149860001,89.94076149860001,60.1087735779,-3.48501433333,2.59597647631,-6.913581414579999,-6.365371538040001,2.62807710432,-7.4153418102,-6.41281239844,1
140,PbAsBr_0,PbAsBr,1.0640228571400001,-4.30997727273,-3.24602272727,1.5713162393200002,-4.8336297872300005,-3.26237021277,4.379410568530001,5.97958644476,31.4799898125,89.5479194017,89.9981998926,89.999855834,-3.43201966667,1.82019212216,-6.13016939489,-5.0662148494300006,1.83326371378,-6.6668935010100006,-5.095633926550001,0
141,PbAsBr_1,PbAsBr,0.471085714286,-4.01245070423,-3.5415492957699994,0.96022556391,-4.51305970149,-3.5529402985100003,4.30789218469,4.30789218469,21.9811025642,89.93962150870001,89.93962150870001,60.0837125016,-3.33970466667,2.39552201082,-6.4079727150500005,-5.937071306589999,2.4196610989,-6.932720800389999,-5.97260139741,1
142,PbAsI_0,PbAsI,0.969897727273,-3.6894180791,-2.7195819208999996,1.4251810344799998,-4.20506437768,-2.77993562232,4.449889743,6.04056811385,32.3710197533,89.6211994802,89.99800095030001,89.9971441727,-3.27456783333,2.02941746801,-5.71883554711,-4.74899938891,2.04409436992,-6.2491587476,-4.82402999224,0
143,PbAsI_1,PbAsI,0.042,-3.069,-3.029,0.61685106383,-3.6673578947400003,-3.0506421052599997,4.335063912869999,4.335063912869999,22.5228057254,89.94465225020001,89.94465225020001,60.0895912432,-3.1771152000000003,2.48179395066,-5.55079395066,-5.51079395066,2.49166585358,-6.15902374832,-5.5423079588399995,1
144,PbSbF_0,PbSbF,0.20108695652199998,-2.16470833333,-1.9642916666699999,0.6328260869569999,-2.5797857142900003,-1.9472142857099999,4.75093577058,5.0459179023,20.3853432348,89.44142787770001,89.92921689309999,89.70013531200001,-3.94935633333,2.78596776572,-4.95067609905,-4.75025943239,2.78539295392,-5.3651786682100004,-4.73260723963,0
145,PbSbF_1,PbSbF,0.399652173913,-4.949148936169999,-4.54985106383,0.7425641025640001,-5.4621645569599995,-4.71983544304,4.76556142701,4.76556142701,22.0,90.0,90.0,60.66976116399999,-3.738813,2.77386338223,-7.7230123183999995,-7.32371444606,2.85872852753,-8.320893084489999,-7.57856397057,1
146,PbSbCl_0,PbSbCl,0.745016393443,-3.71795934959,-2.97304065041,1.2225083798899998,-4.17671666667,-2.9542833333300003,4.68389697501,5.9938526671500005,31.4691587977,89.5482758043,89.99874260850001,89.99878005020001,-3.4356690000000003,1.92760785123,-5.64556720082,-4.90064850164,1.93551392361,-6.11223059028,-4.889797256940001,0
147,PbSbCl_1,PbSbCl,0.455,-3.9484057971,-3.4935942029000002,0.848256410256,-4.40006779661,-3.55193220339,4.61280841799,4.61280841799,21.984381689699998,89.91942462,89.91942462,60.1348988213,-3.29875116667,2.71404933605,-6.66245513315,-6.20764353895,2.74198773461,-7.1420555312200005,-6.293919938,1
148,PbSbBr_0,PbSbBr,0.7248833333329999,-3.7178925619800003,-2.99310743802,1.20307692308,-4.19250273224,-2.9894972677599996,4.69566122716,6.12284243474,32.434671078200005,89.5281855765,89.998863629,89.9999087663,-3.28174283333,1.88134214587,-5.59923470785,-4.87444958389,1.89152614648,-6.08402887872,-4.8810234142399995,0
149,PbSbBr_1,PbSbBr,0.417857142857,-3.701328125,-3.283671875,0.818879310345,-4.15388034188,-3.3351196581200004,4.60023738592,4.60023738592,22.6052021737,89.92296341030001,89.92296341030001,60.145185814099996,-3.15522396667,2.52615749481,-6.22748561981,-5.80982936981,2.54770921999,-6.70158956187,-5.882828878110001,1
150,PbSbI_0,PbSbI,0.770704225352,-3.3673146853099998,-2.59668531469,1.23184466019,-3.83989371981,-2.6081062801900003,4.740021886469999,6.26825487867,33.2504148604,89.5745649816,89.9976219221,89.9964439482,-3.12344366667,2.06174883979,-5.4290635251,-4.65843415448,2.07305003679,-5.912943756600001,-4.681156316980001,0
151,PbSbI_1,PbSbI,0.253523809524,-3.05862790698,-2.80537209302,0.704468468468,-3.5521785714300003,-2.84782142857,4.6053654164,4.6053654164,23.337582422399997,89.9220460192,89.9220460192,60.1357563131,-3.00221103333,2.56671208518,-5.62533999216,-5.3720841782,2.57424946107,-6.1264280325,-5.4220708896400005,1
152,PbBisF_0,PbBisF,0.0,-2.35260042,-2.35260042,0.327714285714,-2.65061111111,-2.3233888888900003,4.83924770816,5.05724311185,26.0942654284,89.7004846239,89.98307571129999,89.9943231791,-3.90788666667,2.04732064847,-4.39992106847,-4.39992106847,2.03612771491,-4.68673882602,-4.3595166038,0
153,PbBisF_1,PbBisF,0.21666666666700002,-4.234,-4.018,0.527509090909,-4.6670892857099995,-4.13991071429,4.70273456074,4.70273456074,20.234739200699998,89.8864023142,89.8864023142,60.171124163100004,-3.6639459999999997,2.96924687577,-7.203246875770001,-6.9872468757699995,3.07574369282,-7.74283297853,-7.21565440711,1
154,PbBisCl_0,PbBisCl,0.517023809524,-3.36794117647,-2.85105882353,0.949467625899,-3.7376857142900004,-2.78831428571,4.86214968075,5.8688501649,32.2939378283,89.54361959629999,89.99836103129999,89.9997742779,-3.39314616667,1.79655312558,-5.1644943020500005,-4.64761194911,1.79855872191,-5.5362444362000005,-4.5868730076199995,0
155,PbBisCl_1,PbBisCl,0.18688888888900002,-3.77721428571,-3.5907857142900004,0.488149253731,-4.15797058824,-3.67002941176,4.731146556050001,4.731146556050001,22.184795618400003,89.876464211,89.876464211,60.2397948569,-3.217376,2.65588174204,-6.4330960277500004,-6.24666745633,2.70750594371,-6.865476531950001,-6.37753535547,1
156,PbBisBr_0,PbBisBr,0.52288372093,-3.42187356322,-2.8991264367799996,0.954069444444,-3.8114896551699995,-2.8575103448299997,4.8757924632,6.01385311831,33.2048390695,89.5335086132,89.9923203503,89.99731534690001,-3.23841283333,1.7610411049,-5.1829146681200005,-4.66016754168,1.76607207103,-5.577561726199999,-4.62358241586,0
157,PbBisBr_1,PbBisBr,0.158695652174,-3.56008333333,-3.40191666667,0.460753846154,-3.94077272727,-3.48022727273,4.72066527428,4.72066527428,22.8479371541,89.87751847930001,89.87751847930001,60.2404026035,-3.07293836667,2.47174515097,-6.0318284843,-5.87366181764,2.51834596759,-6.459118694860001,-5.998573240320001,1
158,PbBisI_0,PbBisI,0.621719298246,-3.19631304348,-2.57468695652,1.05269662921,-3.59981564246,-2.54718435754,4.903114133380001,6.20575205627,34.2399065138,89.5993848841,89.9984220416,89.99667596040001,-3.07911533333,1.92807231266,-5.1243853561399995,-4.50275926918,1.93681502394,-5.5366306664,-4.48399938148,0
159,PbBisI_1,PbBisI,0.06233333333330001,-2.9841,-2.9229,0.391426229508,-3.3821129032300004,-2.99088709677,4.7151587267699995,4.7151587267699995,23.617839441799998,89.8820189442,89.8820189442,60.237362781,-2.9207301,2.50543354129,-5.48953354129,-5.42833354129,2.53795641079,-5.920069314020001,-5.5288435075599995,1
